# customer_ids,predictions,probability_ontime,probability_of_not_ontime
64090.0,1.0,0.5125000000000001,0.4875
60639.0,1.0,0.63510101010101,0.3648989898989899
117554.0,1.0,0.7243589743589743,0.2756410256410256
16518.0,2.0,0.4859868133009788,0.5140131866990212
7252.0,1.0,1.0,0.0
49721.0,1.0,1.0,0.0
119105.0,1.0,0.7349086099086098,0.2650913900913901
34849.0,1.0,0.8333333333333334,0.16666666666666666
105935.0,1.0,0.5484737484737484,0.45152625152625153
80453.0,2.0,0.22087719298245614,0.7791228070175439
52681.0,1.0,0.7371168875822368,0.26288311241776313
14589.0,1.0,1.0,0.0
49170.0,2.0,0.15896603396603395,0.8410339660339661
44650.0,2.0,0.16666666666666666,0.8333333333333334
159718.0,2.0,0.0,1.0
22634.0,2.0,0.14642857142857144,0.8535714285714285
96600.0,2.0,0.16666666666666666,0.8333333333333334
135818.0,2.0,0.19305555555555556,0.8069444444444444
71370.0,1.0,0.5259920634920635,0.47400793650793654
27068.0,2.0,0.22685185185185186,0.7731481481481483
109996.0,2.0,0.18611111111111112,0.813888888888889
159578.0,2.0,0.04882154882154882,0.9511784511784512
73008.0,1.0,1.0,0.0
107963.0,1.0,0.9166666666666666,0.08333333333333333
17212.0,1.0,1.0,0.0
31689.0,1.0,1.0,0.0
96249.0,1.0,1.0,0.0
16244.0,2.0,0.26666666666666666,0.7333333333333334
93722.0,1.0,0.9153554175293306,0.08464458247066942
156597.0,2.0,0.10606060606060606,0.8939393939393939
6399.0,2.0,0.21664495086962546,0.7833550491303746
20814.0,1.0,0.9060606060606061,0.09393939393939393
136126.0,2.0,0.023809523809523808,0.9761904761904763
121336.0,2.0,0.22936507936507936,0.7706349206349207
136939.0,1.0,1.0,0.0
672.0,1.0,1.0,0.0
11984.0,2.0,0.3333333333333333,0.6666666666666666
139053.0,2.0,0.3038450191606576,0.6961549808393422
122725.0,2.0,0.0,1.0
168053.0,2.0,0.3611111111111111,0.6388888888888888
121039.0,1.0,0.7777777777777777,0.2222222222222222
123193.0,1.0,1.0,0.0
99759.0,1.0,1.0,0.0
104254.0,2.0,0.3333333333333333,0.6666666666666666
127287.0,2.0,0.45384615384615384,0.5461538461538461
15447.0,1.0,1.0,0.0
145876.0,2.0,0.35714285714285715,0.6428571428571429
68516.0,2.0,0.35164835164835156,0.6483516483516484
44892.0,2.0,0.09603174603174602,0.903968253968254
60912.0,1.0,1.0,0.0
114383.0,1.0,0.5625,0.4375
76630.0,2.0,0.39986183407236037,0.6001381659276396
52592.0,2.0,0.43677170253257214,0.563228297467428
160815.0,2.0,0.08597883597883597,0.9140211640211641
113069.0,1.0,0.7694805194805195,0.23051948051948049
91200.0,1.0,0.6501783033033033,0.3498216966966967
118055.0,1.0,0.5,0.5
83868.0,2.0,0.3638593290767204,0.6361406709232796
106014.0,2.0,0.13415763802760705,0.8658423619723931
123431.0,1.0,1.0,0.0
144635.0,1.0,0.5,0.5
138815.0,2.0,0.29139433551198257,0.7086056644880174
21025.0,2.0,0.3333333333333333,0.6666666666666666
54276.0,2.0,0.2890522875816994,0.7109477124183007
146309.0,2.0,0.0,1.0
119755.0,1.0,0.6166666666666667,0.3833333333333333
105647.0,2.0,0.0,1.0
32171.0,1.0,1.0,0.0
88666.0,2.0,0.0,1.0
129610.0,1.0,0.8700980392156863,0.12990196078431374
119000.0,2.0,0.11059448936807427,0.8894055106319257
106070.0,1.0,1.0,0.0
28676.0,2.0,0.16157407407407406,0.8384259259259258
30858.0,2.0,0.3333333333333333,0.6666666666666666
34709.0,1.0,1.0,0.0
130969.0,1.0,1.0,0.0
28724.0,2.0,0.2825844226579521,0.717415577342048
166036.0,2.0,0.125,0.875
156412.0,2.0,0.20601851851851852,0.7939814814814815
26433.0,1.0,0.8939393939393939,0.10606060606060606
54604.0,1.0,1.0,0.0
163703.0,2.0,0.3333333333333333,0.6666666666666666
168721.0,2.0,0.4166666666666667,0.5833333333333334
100455.0,1.0,0.8333333333333334,0.16666666666666666
121866.0,1.0,1.0,0.0
39650.0,1.0,1.0,0.0
92170.0,1.0,1.0,0.0
57019.0,1.0,1.0,0.0
49004.0,1.0,0.6190927218344965,0.38090727816550346
126955.0,2.0,0.4142512077294686,0.5857487922705314
166175.0,1.0,0.6403508771929824,0.35964912280701755
118168.0,1.0,0.8756410256410256,0.12435897435897436
139630.0,2.0,0.0,1.0
15318.0,1.0,1.0,0.0
77908.0,1.0,0.6666666666666666,0.3333333333333333
68424.0,2.0,0.16666666666666666,0.8333333333333334
138263.0,2.0,0.16666666666666666,0.8333333333333334
155233.0,2.0,0.2826839826839827,0.7173160173160174
107792.0,2.0,0.4555821371610845,0.5444178628389155
89551.0,1.0,0.9354341736694679,0.0645658263305322
146764.0,2.0,0.3030137981118373,0.6969862018881626
44224.0,2.0,0.2261904761904762,0.7738095238095237
150322.0,1.0,0.8082010582010583,0.19179894179894177
39618.0,2.0,0.3333333333333333,0.6666666666666666
118786.0,1.0,0.7532904187315951,0.24670958126840478
161963.0,2.0,0.0,1.0
63393.0,2.0,0.0,1.0
142077.0,1.0,1.0,0.0
134154.0,1.0,1.0,0.0
51500.0,2.0,0.39999999999999997,0.6
95431.0,1.0,0.5046296296296297,0.4953703703703704
160825.0,1.0,1.0,0.0
116315.0,2.0,0.06825396825396825,0.9317460317460317
120556.0,1.0,0.875,0.125
142371.0,2.0,0.26337181337181337,0.7366281866281866
64230.0,2.0,0.31176470588235294,0.688235294117647
133061.0,1.0,1.0,0.0
456.0,1.0,1.0,0.0
92227.0,2.0,0.3374534821903243,0.6625465178096758
116703.0,2.0,0.375,0.625
89517.0,1.0,0.7740484153527633,0.22595158464723678
139026.0,1.0,0.7647792022792023,0.23522079772079774
56934.0,2.0,0.16666666666666666,0.8333333333333334
149859.0,2.0,0.3333333333333333,0.6666666666666666
115337.0,1.0,0.9166666666666666,0.08333333333333333
8937.0,1.0,1.0,0.0
27102.0,2.0,0.16666666666666666,0.8333333333333334
87621.0,1.0,0.6268585983966806,0.37314140160331943
91648.0,1.0,1.0,0.0
98579.0,2.0,0.3143518518518518,0.6856481481481481
93374.0,1.0,0.8333333333333334,0.16666666666666666
72325.0,1.0,0.5091800356506239,0.4908199643493761
17862.0,2.0,0.3119013124818078,0.6880986875181923
148565.0,2.0,0.13124805477746657,0.8687519452225335
75865.0,1.0,0.5578403078403078,0.44215969215969214
19799.0,2.0,0.4062049062049062,0.5937950937950939
93233.0,1.0,0.6580224854722073,0.3419775145277926
47372.0,1.0,0.5625,0.4375
66496.0,1.0,1.0,0.0
105185.0,1.0,0.8333333333333334,0.16666666666666666
26142.0,2.0,0.3125,0.6875
43359.0,1.0,0.7333333333333334,0.26666666666666666
92204.0,2.0,0.3374534821903243,0.6625465178096758
24463.0,2.0,0.24183006535947713,0.7581699346405228
76091.0,2.0,0.1604090354090354,0.8395909645909646
64940.0,1.0,0.5416666666666666,0.4583333333333333
11581.0,1.0,1.0,0.0
121766.0,2.0,0.47806915306915304,0.5219308469308469
81577.0,1.0,0.6933760683760685,0.30662393162393164
50062.0,2.0,0.3141025641025641,0.685897435897436
125836.0,2.0,0.4611111111111111,0.5388888888888889
134517.0,2.0,0.28170734084712584,0.7182926591528743
124834.0,2.0,0.13333333333333333,0.8666666666666667
19954.0,1.0,0.5644007952831482,0.43559920471685176
164877.0,2.0,0.16666666666666666,0.8333333333333334
133329.0,2.0,0.16666666666666666,0.8333333333333334
10009.0,1.0,1.0,0.0
25378.0,2.0,0.0,1.0
139063.0,2.0,0.3038450191606576,0.6961549808393422
111052.0,2.0,0.4563492063492063,0.5436507936507937
54278.0,2.0,0.36814791836312644,0.6318520816368736
29671.0,2.0,0.4479811376363101,0.5520188623636899
91165.0,2.0,0.2572463768115942,0.7427536231884058
77470.0,2.0,0.023809523809523808,0.9761904761904763
119534.0,2.0,0.4442026540710751,0.5557973459289248
74807.0,2.0,0.46174242424242423,0.5382575757575757
13322.0,2.0,0.3333333333333333,0.6666666666666666
53980.0,2.0,0.13333333333333333,0.8666666666666667
100275.0,2.0,0.13498667010663915,0.8650133298933609
12494.0,1.0,1.0,0.0
99584.0,1.0,0.8809523809523809,0.11904761904761903
16143.0,1.0,1.0,0.0
144470.0,1.0,0.7385884583253004,0.26141154167469954
23902.0,1.0,0.5972222222222222,0.40277777777777773
42359.0,2.0,0.0,1.0
85046.0,2.0,0.29583333333333334,0.7041666666666666
159946.0,1.0,0.7700396825396826,0.22996031746031745
31177.0,2.0,0.4444444444444444,0.5555555555555556
120895.0,1.0,1.0,0.0
21789.0,2.0,0.041666666666666664,0.9583333333333334
154150.0,1.0,0.6666666666666666,0.3333333333333333
49882.0,1.0,0.9387024017108357,0.06129759828916442
51349.0,2.0,0.12140651527078888,0.8785934847292111
13693.0,2.0,0.16666666666666666,0.8333333333333334
39979.0,1.0,1.0,0.0
131808.0,2.0,0.0,1.0
8821.0,1.0,1.0,0.0
58476.0,2.0,0.48148148148148145,0.5185185185185185
52533.0,2.0,0.35454545454545455,0.6454545454545454
146894.0,2.0,0.15277777777777776,0.8472222222222222
123543.0,2.0,0.34292929292929286,0.657070707070707
109581.0,2.0,0.425,0.575
160887.0,1.0,0.5,0.5
72497.0,2.0,0.20370370370370372,0.7962962962962963
21482.0,1.0,0.5747955747955747,0.4252044252044252
150802.0,1.0,0.71338313103019,0.28661686896981015
26960.0,1.0,1.0,0.0
47148.0,2.0,0.3946886446886447,0.6053113553113553
34028.0,2.0,0.32407407407407407,0.6759259259259259
168742.0,2.0,0.16666666666666666,0.8333333333333334
166938.0,2.0,0.0,1.0
1267.0,2.0,0.17500000000000002,0.8250000000000001
160099.0,2.0,0.38078703703703703,0.6192129629629629
149024.0,2.0,0.49933862433862436,0.5006613756613757
147379.0,2.0,0.37779072779072775,0.6222092722092722
151340.0,2.0,0.25777610189374894,0.7422238981062511
14933.0,1.0,0.5,0.5
31103.0,2.0,0.19444444444444442,0.8055555555555555
109210.0,2.0,0.2202020202020202,0.7797979797979798
14078.0,2.0,0.08333333333333333,0.9166666666666666
72514.0,1.0,0.5574162679425837,0.44258373205741625
99608.0,1.0,0.5145424836601308,0.4854575163398693
58123.0,1.0,0.5431907062341844,0.4568092937658155
48626.0,1.0,0.683531746031746,0.31646825396825395
92556.0,1.0,1.0,0.0
135446.0,2.0,0.16666666666666666,0.8333333333333334
95487.0,1.0,0.5555555555555556,0.4444444444444444
24389.0,2.0,0.0,1.0
55756.0,2.0,0.3170281306715064,0.6829718693284937
103865.0,2.0,0.46032058899705963,0.5396794110029404
50550.0,1.0,0.5542155509546814,0.4457844490453185
97075.0,1.0,0.7666666666666666,0.2333333333333333
160846.0,2.0,0.16666666666666666,0.8333333333333334
70363.0,1.0,0.6578947368421052,0.3421052631578947
98117.0,1.0,0.5454545454545454,0.4545454545454546
85781.0,2.0,0.16666666666666666,0.8333333333333334
90176.0,2.0,0.256979517396184,0.7430204826038159
114650.0,1.0,1.0,0.0
95692.0,1.0,0.6666666666666666,0.3333333333333333
89607.0,1.0,1.0,0.0
150460.0,2.0,0.0,1.0
10727.0,1.0,0.6666666666666666,0.3333333333333333
159196.0,1.0,1.0,0.0
33838.0,2.0,0.16666666666666666,0.8333333333333334
44344.0,2.0,0.25,0.75
76344.0,2.0,0.4168220668220668,0.5831779331779332
84065.0,2.0,0.43437624452409396,0.565623755475906
46654.0,2.0,0.10874964407573103,0.8912503559242689
57606.0,1.0,0.5173362149334689,0.482663785066531
169398.0,2.0,0.16666666666666666,0.8333333333333334
33605.0,2.0,0.16666666666666666,0.8333333333333334
148831.0,1.0,0.7900132275132276,0.20998677248677247
125833.0,1.0,0.8333333333333334,0.16666666666666666
14849.0,1.0,1.0,0.0
17739.0,2.0,0.20163398692810455,0.7983660130718954
85785.0,2.0,0.16666666666666666,0.8333333333333334
117584.0,1.0,0.7222222222222222,0.27777777777777773
168864.0,2.0,0.0,1.0
25494.0,2.0,0.4166666666666667,0.5833333333333334
13351.0,2.0,0.16666666666666666,0.8333333333333334
46763.0,1.0,0.5,0.5
45363.0,1.0,1.0,0.0
41078.0,1.0,0.8333333333333334,0.16666666666666666
114455.0,1.0,0.7590909090909091,0.24090909090909093
84753.0,2.0,0.023809523809523808,0.9761904761904763
148064.0,2.0,0.0925925925925926,0.9074074074074074
140035.0,1.0,0.6376487576918611,0.3623512423081389
40443.0,1.0,1.0,0.0
51897.0,2.0,0.16666666666666666,0.8333333333333334
101581.0,1.0,0.7222222222222222,0.27777777777777773
15144.0,1.0,1.0,0.0
56981.0,1.0,0.5024249943604783,0.4975750056395218
91433.0,1.0,0.8333333333333334,0.16666666666666666
157289.0,2.0,0.13333333333333333,0.8666666666666667
148005.0,1.0,1.0,0.0
104687.0,1.0,0.5327272727272727,0.4672727272727273
40410.0,1.0,1.0,0.0
21304.0,2.0,0.27301587301587305,0.726984126984127
105857.0,1.0,1.0,0.0
22487.0,2.0,0.26944444444444443,0.7305555555555555
113982.0,2.0,0.013888888888888888,0.986111111111111
66661.0,2.0,0.3592171717171717,0.6407828282828283
101805.0,1.0,0.5294117647058824,0.4705882352941176
61370.0,2.0,0.12140651527078888,0.8785934847292111
162513.0,2.0,0.16666666666666666,0.8333333333333334
158767.0,2.0,0.0,1.0
113473.0,1.0,0.6944444444444443,0.3055555555555556
138061.0,1.0,1.0,0.0
57684.0,2.0,0.0,1.0
128724.0,2.0,0.02889122889122889,0.9711087711087711
54712.0,1.0,0.6421461669842408,0.35785383301575924
125783.0,1.0,0.5,0.5
106195.0,1.0,0.6555555555555556,0.3444444444444444
129898.0,2.0,0.43478260869565216,0.5652173913043478
52842.0,2.0,0.07936507936507936,0.9206349206349206
38252.0,1.0,0.5543650793650794,0.4456349206349206
58270.0,1.0,0.8888888888888888,0.1111111111111111
114831.0,2.0,0.2371794871794872,0.7628205128205128
133056.0,2.0,0.16666666666666666,0.8333333333333334
114796.0,2.0,0.10367063492063493,0.8963293650793651
167618.0,2.0,0.0,1.0
53379.0,1.0,1.0,0.0
159033.0,2.0,0.16666666666666666,0.8333333333333334
60438.0,1.0,0.8333333333333334,0.16666666666666666
123896.0,1.0,0.5952694165737643,0.40473058342623563
5829.0,2.0,0.0,1.0
133737.0,1.0,0.6759259259259259,0.32407407407407407
11191.0,2.0,0.16666666666666666,0.8333333333333334
30489.0,1.0,0.6944444444444443,0.3055555555555555
162432.0,2.0,0.3,0.7000000000000001
23522.0,2.0,0.0,1.0
150984.0,2.0,0.16666666666666666,0.8333333333333334
31886.0,2.0,0.27419354838709675,0.7258064516129031
90366.0,2.0,0.4658730158730158,0.5341269841269841
44207.0,1.0,1.0,0.0
34905.0,1.0,1.0,0.0
111339.0,1.0,0.7000000000000001,0.3
76404.0,1.0,0.7739898989898991,0.226010101010101
131889.0,1.0,1.0,0.0
69691.0,2.0,0.1443121693121693,0.8556878306878306
134232.0,1.0,0.5923347345086476,0.40766526549135246
127284.0,2.0,0.45384615384615384,0.5461538461538461
114470.0,1.0,1.0,0.0
106326.0,1.0,0.6020299145299145,0.39797008547008544
15332.0,2.0,0.45555555555555566,0.5444444444444444
115023.0,1.0,1.0,0.0
138553.0,1.0,1.0,0.0
43898.0,2.0,0.11400772430184196,0.8859922756981581
147523.0,2.0,0.23115079365079363,0.7688492063492064
118043.0,2.0,0.47222222222222215,0.5277777777777778
25121.0,2.0,0.3399801587301587,0.6600198412698414
16428.0,1.0,1.0,0.0
98828.0,2.0,0.43888888888888883,0.5611111111111111
64139.0,2.0,0.26666666666666666,0.7333333333333334
162638.0,2.0,0.05555555555555555,0.9444444444444443
100979.0,1.0,0.7564102564102564,0.2435897435897436
130155.0,1.0,0.591904266904267,0.4080957330957331
26999.0,1.0,1.0,0.0
8356.0,2.0,0.02889122889122889,0.9711087711087711
169304.0,2.0,0.05555555555555555,0.9444444444444443
41181.0,1.0,0.6333333333333333,0.3666666666666667
113992.0,2.0,0.013888888888888888,0.986111111111111
66390.0,2.0,0.4047619047619047,0.5952380952380952
8181.0,1.0,1.0,0.0
86611.0,1.0,1.0,0.0
55638.0,2.0,0.2887268583945732,0.7112731416054268
69526.0,1.0,1.0,0.0
4456.0,1.0,1.0,0.0
126872.0,1.0,1.0,0.0
159681.0,2.0,0.0,1.0
75748.0,2.0,0.3048520923520924,0.6951479076479076
85756.0,1.0,1.0,0.0
37780.0,2.0,0.16666666666666666,0.8333333333333334
109943.0,1.0,0.7175925925925926,0.2824074074074074
116498.0,2.0,0.06825396825396825,0.9317460317460317
158878.0,2.0,0.16666666666666666,0.8333333333333334
7043.0,1.0,1.0,0.0
8051.0,2.0,0.0,1.0
2071.0,2.0,0.3333333333333333,0.6666666666666666
66578.0,2.0,0.08333333333333333,0.9166666666666666
149961.0,2.0,0.16666666666666666,0.8333333333333334
161251.0,1.0,0.5922619047619048,0.4077380952380953
76218.0,2.0,0.0,1.0
97262.0,1.0,1.0,0.0
66382.0,2.0,0.45337301587301587,0.5466269841269842
21837.0,2.0,0.0,1.0
29908.0,1.0,0.5010521885521886,0.4989478114478114
24286.0,2.0,0.11546915230738759,0.8845308476926124
55736.0,2.0,0.3170281306715064,0.6829718693284937
133798.0,1.0,0.6212121212121212,0.37878787878787873
8075.0,1.0,1.0,0.0
37415.0,1.0,1.0,0.0
124980.0,1.0,0.871345029239766,0.1286549707602339
115400.0,2.0,0.37354497354497357,0.6264550264550265
97253.0,1.0,1.0,0.0
57958.0,2.0,0.0,1.0
8053.0,2.0,0.16666666666666666,0.8333333333333334
81923.0,2.0,0.4009057971014493,0.5990942028985508
140885.0,2.0,0.4134920634920635,0.5865079365079365
106624.0,2.0,0.39299003933091686,0.6070099606690831
126286.0,1.0,0.5096153846153847,0.49038461538461536
77936.0,1.0,0.6666666666666666,0.3333333333333333
99671.0,2.0,0.0863095238095238,0.9136904761904763
128939.0,2.0,0.45854978354978354,0.5414502164502165
26518.0,1.0,1.0,0.0
18748.0,1.0,1.0,0.0
146607.0,2.0,0.0,1.0
166424.0,2.0,0.0784313725490196,0.9215686274509803
167323.0,2.0,0.0,1.0
104708.0,1.0,0.6881265664160402,0.3118734335839599
45255.0,1.0,1.0,0.0
48853.0,2.0,0.4442026540710751,0.5557973459289248
3210.0,1.0,1.0,0.0
42785.0,1.0,1.0,0.0
158554.0,2.0,0.08333333333333333,0.9166666666666666
45408.0,2.0,0.2847222222222222,0.7152777777777777
112635.0,1.0,0.6820401403734738,0.3179598596265263
55344.0,2.0,0.32407407407407407,0.6759259259259259
120701.0,2.0,0.4305555555555556,0.5694444444444444
70178.0,2.0,0.16666666666666666,0.8333333333333334
118038.0,2.0,0.47222222222222215,0.5277777777777778
133854.0,2.0,0.3455026455026455,0.6544973544973545
110399.0,2.0,0.1389756077256077,0.8610243922743922
31844.0,2.0,0.16666666666666666,0.8333333333333334
132781.0,2.0,0.0784313725490196,0.9215686274509803
158412.0,1.0,1.0,0.0
42100.0,1.0,1.0,0.0
110771.0,1.0,0.7848646723646723,0.21513532763532764
33196.0,2.0,0.2515873015873016,0.7484126984126984
50852.0,1.0,1.0,0.0
66681.0,2.0,0.4238095238095238,0.5761904761904763
90519.0,2.0,0.2691919191919192,0.7308080808080808
21733.0,1.0,1.0,0.0
39921.0,2.0,0.3039131920710868,0.6960868079289132
35638.0,1.0,1.0,0.0
87879.0,1.0,0.755709487945902,0.24429051205409794
162796.0,1.0,1.0,0.0
156786.0,2.0,0.1603174603174603,0.8396825396825397
157613.0,1.0,1.0,0.0
22931.0,2.0,0.3333333333333333,0.6666666666666666
48978.0,2.0,0.13333333333333333,0.8666666666666667
130148.0,1.0,0.591904266904267,0.4080957330957331
48905.0,2.0,0.32857142857142857,0.6714285714285714
138914.0,2.0,0.05555555555555555,0.9444444444444443
7520.0,1.0,1.0,0.0
19403.0,2.0,0.0,1.0
12872.0,1.0,1.0,0.0
89772.0,1.0,0.7597222222222221,0.24027777777777773
5305.0,1.0,1.0,0.0
165425.0,2.0,0.049999999999999996,0.9500000000000001
6122.0,2.0,0.10103785103785103,0.898962148962149
42322.0,2.0,0.0,1.0
33738.0,2.0,0.18668831168831168,0.8133116883116883
110466.0,2.0,0.38333333333333336,0.6166666666666667
109699.0,1.0,0.6972222222222223,0.30277777777777776
25626.0,1.0,1.0,0.0
117697.0,2.0,0.03440709617180205,0.9655929038281981
3312.0,1.0,0.8333333333333334,0.16666666666666666
14060.0,2.0,0.35714285714285715,0.6428571428571429
130582.0,2.0,0.0,1.0
107094.0,2.0,0.16666666666666666,0.8333333333333334
109154.0,1.0,0.6535714285714286,0.34642857142857136
94902.0,2.0,0.04822029822029822,0.9517797017797017
118000.0,1.0,0.7067307692307692,0.2932692307692308
149758.0,2.0,0.2518674136321195,0.7481325863678804
116163.0,1.0,0.8333333333333334,0.16666666666666666
105244.0,1.0,0.7609427609427609,0.23905723905723905
98381.0,2.0,0.4444444444444444,0.5555555555555555
88716.0,1.0,0.6666666666666666,0.3333333333333333
73602.0,2.0,0.42215562215562213,0.5778443778443778
26577.0,2.0,0.16666666666666666,0.8333333333333334
52715.0,1.0,0.508343585136038,0.4916564148639621
88011.0,1.0,1.0,0.0
158330.0,2.0,0.4444444444444444,0.5555555555555555
125065.0,2.0,0.1631222664504398,0.8368777335495601
143957.0,2.0,0.16666666666666666,0.8333333333333334
60200.0,2.0,0.0,1.0
64140.0,2.0,0.26666666666666666,0.7333333333333334
91067.0,2.0,0.35410787646560005,0.6458921235344
9658.0,2.0,0.15833333333333333,0.8416666666666668
137633.0,1.0,0.6666666666666666,0.3333333333333333
113515.0,1.0,1.0,0.0
28526.0,1.0,0.5,0.5
86836.0,2.0,0.2161172161172161,0.7838827838827839
97342.0,2.0,0.0,1.0
142476.0,2.0,0.16666666666666666,0.8333333333333334
100168.0,2.0,0.16666666666666666,0.8333333333333334
45223.0,2.0,0.20012347044080792,0.7998765295591922
7512.0,1.0,1.0,0.0
74842.0,1.0,0.5568135454916361,0.44318645450836397
115161.0,1.0,0.7041310541310541,0.2958689458689459
93919.0,2.0,0.05555555555555555,0.9444444444444443
52474.0,2.0,0.4388183386992202,0.5611816613007797
59305.0,2.0,0.16666666666666666,0.8333333333333334
23316.0,1.0,1.0,0.0
94142.0,1.0,0.5038406227664539,0.49615937723354603
13028.0,2.0,0.16666666666666666,0.8333333333333334
75025.0,1.0,1.0,0.0
24908.0,2.0,0.016666666666666666,0.9833333333333334
137145.0,1.0,0.8333333333333334,0.16666666666666666
116451.0,1.0,0.8666666666666667,0.13333333333333333
37569.0,2.0,0.19992969992969992,0.8000703000703
130657.0,1.0,1.0,0.0
140921.0,2.0,0.13333333333333333,0.8666666666666667
148018.0,2.0,0.2341269841269841,0.7658730158730158
102334.0,2.0,0.4452861952861953,0.5547138047138047
44944.0,1.0,0.8436781609195402,0.1563218390804598
108717.0,2.0,0.3666666666666667,0.6333333333333333
114829.0,2.0,0.2371794871794872,0.7628205128205128
35427.0,1.0,1.0,0.0
36126.0,2.0,0.12776027077497665,0.8722397292250234
73355.0,1.0,1.0,0.0
127262.0,1.0,0.6094276094276094,0.39057239057239057
155771.0,1.0,0.6388888888888888,0.3611111111111111
11261.0,2.0,0.3333333333333333,0.6666666666666666
163164.0,2.0,0.0,1.0
40076.0,1.0,1.0,0.0
84967.0,1.0,1.0,0.0
47078.0,1.0,0.5550264550264551,0.44497354497354497
48242.0,1.0,1.0,0.0
83443.0,1.0,1.0,0.0
30031.0,1.0,0.9506925984996161,0.04930740150038396
73783.0,2.0,0.45,0.5499999999999999
96322.0,1.0,0.7916666666666666,0.20833333333333334
94676.0,1.0,1.0,0.0
91669.0,1.0,1.0,0.0
97251.0,1.0,1.0,0.0
115253.0,2.0,0.16666666666666666,0.8333333333333334
119652.0,1.0,0.7602339181286549,0.23976608187134504
91354.0,1.0,0.5343736757352318,0.46562632426476824
107189.0,2.0,0.25833333333333336,0.7416666666666667
111569.0,2.0,0.08859339190221543,0.9114066080977846
163256.0,1.0,0.5,0.5
47246.0,2.0,0.17543859649122806,0.8245614035087719
154873.0,2.0,0.05555555555555555,0.9444444444444443
620.0,1.0,0.6625607507960449,0.33743924920395507
21622.0,2.0,0.08333333333333333,0.9166666666666666
114557.0,2.0,0.3017556517556517,0.6982443482443482
75792.0,1.0,0.7275641025641025,0.2724358974358974
78114.0,1.0,1.0,0.0
130362.0,2.0,0.39860368389780154,0.6013963161021985
61322.0,2.0,0.0784313725490196,0.9215686274509803
39820.0,1.0,0.8194444444444445,0.18055555555555555
124508.0,2.0,0.0,1.0
127500.0,2.0,0.31666666666666665,0.6833333333333332
27010.0,2.0,0.12908245192536483,0.8709175480746353
21317.0,2.0,0.2744708994708995,0.7255291005291005
64040.0,2.0,0.16666666666666666,0.8333333333333334
28423.0,2.0,0.19444444444444445,0.8055555555555557
76078.0,2.0,0.47222222222222215,0.5277777777777778
925.0,1.0,1.0,0.0
139362.0,1.0,1.0,0.0
148161.0,1.0,0.6098856209150326,0.39011437908496727
7694.0,1.0,0.5,0.5
88534.0,2.0,0.2777777777777778,0.7222222222222223
131417.0,1.0,0.7665732959850606,0.23342670401493928
55832.0,1.0,0.5022913256955809,0.49770867430441906
46644.0,1.0,0.5,0.5
146571.0,2.0,0.16686507936507936,0.8331349206349207
64555.0,2.0,0.4761904761904762,0.5238095238095238
22883.0,2.0,0.0,1.0
145790.0,2.0,0.16666666666666666,0.8333333333333334
92243.0,2.0,0.2217948717948718,0.7782051282051282
157877.0,1.0,1.0,0.0
25646.0,2.0,0.041666666666666664,0.9583333333333334
95587.0,1.0,1.0,0.0
53991.0,2.0,0.16666666666666666,0.8333333333333334
108308.0,2.0,0.0,1.0
4532.0,1.0,1.0,0.0
25309.0,2.0,0.2125,0.7875
30512.0,2.0,0.29305555555555557,0.7069444444444444
8161.0,1.0,1.0,0.0
112761.0,1.0,0.5351190476190476,0.46488095238095234
19567.0,2.0,0.393939393939394,0.6060606060606061
111750.0,1.0,0.6013888888888889,0.3986111111111111
162.0,1.0,1.0,0.0
24549.0,1.0,0.6782407407407408,0.32175925925925924
120017.0,2.0,0.3907407407407408,0.6092592592592593
134029.0,2.0,0.16666666666666666,0.8333333333333334
139600.0,2.0,0.0,1.0
26623.0,1.0,1.0,0.0
43791.0,2.0,0.1931372549019608,0.8068627450980391
51812.0,1.0,0.8158625730994151,0.1841374269005848
167051.0,2.0,0.3,0.7000000000000001
108281.0,1.0,0.6666666666666666,0.3333333333333333
167805.0,2.0,0.3333333333333333,0.6666666666666666
79836.0,2.0,0.4173202614379085,0.5826797385620915
86111.0,2.0,0.3333333333333333,0.6666666666666666
168299.0,2.0,0.16666666666666666,0.8333333333333334
20021.0,1.0,0.782051282051282,0.21794871794871792
156828.0,1.0,1.0,0.0
12480.0,1.0,1.0,0.0
35750.0,1.0,0.6908133104500381,0.3091866895499618
140945.0,2.0,0.0,1.0
10375.0,1.0,1.0,0.0
138979.0,2.0,0.16666666666666666,0.8333333333333334
31563.0,2.0,0.2714285714285714,0.7285714285714286
20341.0,1.0,1.0,0.0
113303.0,1.0,0.6486218944099379,0.35137810559006205
65234.0,2.0,0.41095478595478596,0.589045214045214
70778.0,1.0,0.625,0.375
6137.0,1.0,1.0,0.0
146535.0,1.0,1.0,0.0
135150.0,2.0,0.45916005291005285,0.5408399470899471
50567.0,1.0,0.5179742737882274,0.4820257262117727
61705.0,2.0,0.032407407407407406,0.9675925925925926
82522.0,2.0,0.4199300699300699,0.58006993006993
135694.0,1.0,0.8333333333333334,0.16666666666666666
107275.0,2.0,0.48055555555555557,0.5194444444444445
30474.0,1.0,1.0,0.0
24150.0,2.0,0.3387464387464387,0.6612535612535614
92624.0,2.0,0.4778111444778112,0.5221888555221889
168662.0,2.0,0.0,1.0
43153.0,2.0,0.27777777777777773,0.7222222222222223
161224.0,2.0,0.43333333333333335,0.5666666666666667
37742.0,1.0,1.0,0.0
57386.0,1.0,0.7906746031746031,0.20932539682539683
158018.0,2.0,0.45601851851851855,0.5439814814814815
164727.0,2.0,0.0,1.0
161330.0,2.0,0.14603174603174604,0.853968253968254
71154.0,2.0,0.30222922502334265,0.6977707749766573
143859.0,1.0,0.525,0.47500000000000003
132426.0,2.0,0.38523101294840423,0.6147689870515957
127026.0,1.0,0.7138888888888889,0.28611111111111115
108952.0,1.0,0.5377492877492878,0.46225071225071224
100475.0,1.0,0.6333333333333333,0.3666666666666667
103589.0,1.0,0.763888888888889,0.23611111111111108
78612.0,2.0,0.16666666666666666,0.8333333333333334
150796.0,1.0,0.71338313103019,0.28661686896981015
104777.0,2.0,0.16666666666666666,0.8333333333333334
15157.0,1.0,1.0,0.0
127459.0,2.0,0.3064232064232064,0.6935767935767937
101003.0,1.0,0.5443907943907944,0.4556092056092056
14883.0,1.0,1.0,0.0
129094.0,2.0,0.2380952380952381,0.7619047619047619
96451.0,2.0,0.12359165888577654,0.8764083411142235
14974.0,2.0,0.30158730158730157,0.6984126984126983
74230.0,2.0,0.33421516754850084,0.6657848324514991
26222.0,1.0,1.0,0.0
116719.0,1.0,0.602869352869353,0.3971306471306472
77685.0,2.0,0.3200970836677752,0.6799029163322249
33026.0,2.0,0.0,1.0
145815.0,1.0,0.5,0.5
50887.0,2.0,0.46296296296296297,0.5370370370370371
97008.0,1.0,0.6381410256410257,0.36185897435897435
13245.0,2.0,0.16666666666666666,0.8333333333333334
96920.0,2.0,0.35714285714285715,0.6428571428571429
124970.0,1.0,0.8070707070707072,0.19292929292929292
99295.0,2.0,0.4388888888888889,0.5611111111111111
128854.0,2.0,0.16666666666666666,0.8333333333333334
54127.0,2.0,0.12128817217131559,0.8787118278286844
121576.0,1.0,0.798941798941799,0.20105820105820102
160851.0,2.0,0.16666666666666666,0.8333333333333334
5583.0,1.0,1.0,0.0
70640.0,2.0,0.4097883597883598,0.5902116402116402
42742.0,1.0,1.0,0.0
136170.0,2.0,0.4465608465608466,0.5534391534391534
140534.0,2.0,0.16666666666666666,0.8333333333333334
38779.0,2.0,0.3952380952380952,0.6047619047619047
110300.0,2.0,0.3789153370560727,0.6210846629439274
105637.0,1.0,1.0,0.0
36397.0,1.0,0.518013468013468,0.48198653198653196
132791.0,2.0,0.471182412358883,0.5288175876411169
122213.0,1.0,0.8333333333333334,0.16666666666666666
90072.0,2.0,0.05555555555555555,0.9444444444444443
27117.0,2.0,0.32322885447885447,0.6767711455211455
136010.0,1.0,1.0,0.0
167333.0,2.0,0.0,1.0
155900.0,2.0,0.3586956521739131,0.6413043478260869
83082.0,2.0,0.19715219421101773,0.8028478057889822
166395.0,2.0,0.0,1.0
163542.0,1.0,0.6027035056446822,0.3972964943553179
56711.0,1.0,0.6045231834705519,0.39547681652944816
33578.0,2.0,0.30238095238095236,0.6976190476190475
80913.0,2.0,0.05555555555555555,0.9444444444444443
38123.0,2.0,0.0,1.0
130775.0,2.0,0.16666666666666666,0.8333333333333334
118129.0,1.0,1.0,0.0
41825.0,2.0,0.21329365079365079,0.7867063492063492
118763.0,2.0,0.3055555555555555,0.6944444444444443
34874.0,2.0,0.05555555555555555,0.9444444444444443
160004.0,2.0,0.33134920634920634,0.6686507936507936
162396.0,2.0,0.44993894993894995,0.55006105006105
117120.0,2.0,0.4515030946065428,0.5484969053934571
88914.0,2.0,0.13278508771929826,0.8672149122807018
106213.0,1.0,1.0,0.0
42454.0,1.0,1.0,0.0
12355.0,2.0,0.3333333333333333,0.6666666666666666
48385.0,2.0,0.2283653846153846,0.7716346153846154
25458.0,2.0,0.16666666666666666,0.8333333333333334
17374.0,1.0,1.0,0.0
44049.0,1.0,0.7857744107744108,0.2142255892255892
106227.0,1.0,0.5833333333333334,0.4166666666666667
87309.0,1.0,1.0,0.0
67887.0,2.0,0.3180425579322638,0.6819574420677362
107788.0,2.0,0.41370091896407685,0.5862990810359231
37555.0,1.0,0.5220837727803672,0.4779162272196327
73389.0,1.0,1.0,0.0
68820.0,2.0,0.24747891008133127,0.7525210899186687
8876.0,1.0,1.0,0.0
109399.0,2.0,0.18333333333333332,0.8166666666666668
146628.0,1.0,1.0,0.0
142361.0,1.0,0.9432617805186592,0.056738219481340925
73223.0,1.0,0.8101010101010101,0.1898989898989899
31853.0,2.0,0.16666666666666666,0.8333333333333334
67659.0,2.0,0.305718954248366,0.6942810457516341
78787.0,2.0,0.4340129538405401,0.5659870461594599
58695.0,2.0,0.3368943005165916,0.6631056994834085
127122.0,2.0,0.3736111111111111,0.626388888888889
43579.0,1.0,0.6785714285714285,0.32142857142857145
62044.0,2.0,0.0649928774928775,0.9350071225071225
143455.0,2.0,0.0,1.0
132498.0,2.0,0.0,1.0
153673.0,2.0,0.08333333333333333,0.9166666666666666
157703.0,1.0,0.7055555555555557,0.29444444444444445
125612.0,2.0,0.16666666666666666,0.8333333333333334
96266.0,1.0,0.6666666666666666,0.3333333333333333
108802.0,1.0,0.7407407407407408,0.25925925925925924
53322.0,2.0,0.16666666666666666,0.8333333333333334
142515.0,2.0,0.15089285714285713,0.849107142857143
138399.0,2.0,0.0,1.0
31183.0,2.0,0.0,1.0
71321.0,2.0,0.3113997113997114,0.6886002886002887
153566.0,1.0,0.6944444444444443,0.3055555555555555
166882.0,2.0,0.05555555555555555,0.9444444444444443
70839.0,1.0,0.5666666666666667,0.43333333333333335
134129.0,2.0,0.37170733678086626,0.6282926632191338
114960.0,2.0,0.224817149081855,0.775182850918145
51558.0,1.0,0.7121459694989106,0.2878540305010893
139674.0,2.0,0.07407407407407407,0.9259259259259259
62772.0,2.0,0.16666666666666666,0.8333333333333334
8110.0,2.0,0.10097772597772597,0.8990222740222741
69513.0,1.0,0.7504504504504504,0.24954954954954955
118611.0,2.0,0.12128817217131559,0.8787118278286844
1743.0,1.0,1.0,0.0
70913.0,2.0,0.0,1.0
46749.0,2.0,0.1551924001924002,0.8448075998075998
114287.0,2.0,0.4475308641975309,0.5524691358024691
141971.0,1.0,0.673611111111111,0.3263888888888889
116026.0,1.0,1.0,0.0
112826.0,2.0,0.4555555555555555,0.5444444444444445
124989.0,1.0,0.871345029239766,0.1286549707602339
43074.0,1.0,1.0,0.0
76274.0,1.0,0.6283882996798598,0.37161170032014024
41633.0,1.0,0.736111111111111,0.2638888888888889
129876.0,2.0,0.43478260869565216,0.5652173913043478
117987.0,1.0,1.0,0.0
12403.0,2.0,0.25,0.75
69915.0,2.0,0.06746031746031746,0.9325396825396824
166181.0,2.0,0.16666666666666666,0.8333333333333334
111219.0,1.0,1.0,0.0
20630.0,2.0,0.3969017094017094,0.6030982905982906
77137.0,1.0,1.0,0.0
134819.0,2.0,0.2405803155231073,0.7594196844768927
125830.0,1.0,0.8333333333333334,0.16666666666666666
133125.0,1.0,0.5791666666666667,0.42083333333333334
109229.0,1.0,0.6553130511463845,0.3446869488536155
67652.0,2.0,0.17647058823529413,0.823529411764706
13065.0,2.0,0.3333333333333333,0.6666666666666666
147877.0,2.0,0.48055555555555557,0.5194444444444445
99457.0,2.0,0.40625,0.59375
39130.0,1.0,0.6666666666666666,0.3333333333333333
132959.0,2.0,0.0,1.0
115994.0,1.0,0.5,0.5
71440.0,2.0,0.18185420816999764,0.8181457918300024
146713.0,2.0,0.0,1.0
82153.0,1.0,0.8686214536428977,0.1313785463571023
86270.0,2.0,0.28205128205128205,0.717948717948718
163000.0,2.0,0.05555555555555555,0.9444444444444443
109310.0,2.0,0.4861111111111111,0.5138888888888888
14875.0,2.0,0.2902777777777778,0.7097222222222221
25698.0,2.0,0.3705907567609695,0.6294092432390305
125668.0,2.0,0.48034188034188036,0.5196581196581197
154457.0,2.0,0.051781551781551784,0.9482184482184483
58505.0,1.0,1.0,0.0
87133.0,2.0,0.2716495720219007,0.7283504279780993
138987.0,2.0,0.16666666666666666,0.8333333333333334
161746.0,2.0,0.21666666666666667,0.7833333333333333
85543.0,2.0,0.05555555555555555,0.9444444444444443
108298.0,1.0,1.0,0.0
167108.0,2.0,0.0,1.0
99708.0,1.0,0.5,0.5
97132.0,1.0,0.7785718963879883,0.22142810361201168
61004.0,1.0,0.9045207424154792,0.09547925758452075
94077.0,2.0,0.16666666666666666,0.8333333333333334
53346.0,2.0,0.49458478513356563,0.5054152148664344
45705.0,2.0,0.3951381722279555,0.6048618277720444
53499.0,1.0,0.7995310245310246,0.20046897546897546
10649.0,1.0,1.0,0.0
34233.0,2.0,0.23335428188369364,0.7666457181163064
165887.0,2.0,0.1111111111111111,0.8888888888888888
134632.0,2.0,0.16666666666666666,0.8333333333333334
147964.0,2.0,0.023809523809523808,0.9761904761904763
4786.0,2.0,0.16666666666666666,0.8333333333333334
143482.0,1.0,0.5,0.5
141014.0,1.0,1.0,0.0
63857.0,1.0,1.0,0.0
56687.0,1.0,0.6045231834705519,0.39547681652944816
61521.0,2.0,0.2942252575150963,0.7057747424849037
162989.0,2.0,0.05555555555555555,0.9444444444444443
21488.0,2.0,0.16666666666666666,0.8333333333333334
79910.0,1.0,1.0,0.0
32666.0,1.0,0.8333333333333334,0.16666666666666666
107612.0,2.0,0.3888888888888889,0.6111111111111112
143514.0,1.0,0.7999999999999999,0.19999999999999998
91013.0,1.0,0.5030327114168577,0.49696728858314226
106980.0,2.0,0.16666666666666666,0.8333333333333334
152348.0,1.0,0.6041666666666666,0.3958333333333333
13686.0,1.0,1.0,0.0
50609.0,2.0,0.3333333333333333,0.6666666666666666
165917.0,2.0,0.0961038961038961,0.9038961038961039
3101.0,2.0,0.07777777777777778,0.9222222222222222
12311.0,1.0,1.0,0.0
4992.0,1.0,1.0,0.0
81865.0,2.0,0.35619047619047617,0.6438095238095237
160348.0,2.0,0.19444444444444445,0.8055555555555557
155291.0,1.0,0.9117647058823529,0.08823529411764706
127353.0,2.0,0.48214285714285715,0.5178571428571429
3303.0,1.0,0.8333333333333334,0.16666666666666666
56776.0,2.0,0.49819679280730006,0.5018032071927
138027.0,1.0,1.0,0.0
127317.0,2.0,0.31297297297297294,0.687027027027027
13402.0,1.0,1.0,0.0
83301.0,1.0,1.0,0.0
140535.0,2.0,0.16666666666666666,0.8333333333333334
116748.0,1.0,0.6166666666666666,0.38333333333333336
15620.0,1.0,0.8333333333333334,0.16666666666666666
21517.0,2.0,0.41269841269841273,0.5873015873015873
117269.0,2.0,0.3055555555555555,0.6944444444444443
34865.0,1.0,1.0,0.0
159703.0,2.0,0.0,1.0
79651.0,1.0,0.6995971410006497,0.3004028589993502
41134.0,2.0,0.40277777777777773,0.5972222222222222
111286.0,1.0,1.0,0.0
71878.0,1.0,0.625,0.375
113952.0,2.0,0.10416666666666667,0.8958333333333334
136878.0,2.0,0.3907627865961199,0.60923721340388
160814.0,2.0,0.08597883597883597,0.9140211640211641
92454.0,1.0,0.5196969696969697,0.4803030303030303
44119.0,1.0,0.6944444444444445,0.3055555555555556
61619.0,2.0,0.14615282690845813,0.8538471730915419
2978.0,1.0,0.9791666666666666,0.020833333333333332
118074.0,2.0,0.39368686868686864,0.6063131313131312
78088.0,2.0,0.024725274725274724,0.9752747252747254
46958.0,2.0,0.35164835164835156,0.6483516483516484
9151.0,1.0,1.0,0.0
133370.0,2.0,0.46776589423648246,0.5322341057635175
29602.0,2.0,0.3333333333333333,0.6666666666666666
123152.0,2.0,0.4806186868686868,0.5193813131313132
15142.0,1.0,1.0,0.0
63103.0,2.0,0.027777777777777776,0.9722222222222223
142824.0,1.0,0.5191798941798942,0.4808201058201058
136305.0,1.0,0.8333333333333334,0.16666666666666666
30920.0,2.0,0.0,1.0
155687.0,1.0,0.6293650793650793,0.37063492063492065
6278.0,1.0,1.0,0.0
112018.0,2.0,0.39999999999999997,0.6
106226.0,1.0,0.5833333333333334,0.4166666666666667
84947.0,1.0,1.0,0.0
53631.0,2.0,0.05555555555555555,0.9444444444444443
106228.0,1.0,0.5833333333333334,0.4166666666666667
19393.0,2.0,0.16666666666666666,0.8333333333333334
130759.0,1.0,0.5833333333333334,0.4166666666666667
112620.0,2.0,0.0,1.0
39169.0,1.0,1.0,0.0
28775.0,2.0,0.0,1.0
39445.0,1.0,0.6357142857142858,0.36428571428571427
13021.0,2.0,0.3333333333333333,0.6666666666666666
17824.0,2.0,0.29366268539329066,0.7063373146067092
107614.0,2.0,0.3888888888888889,0.6111111111111112
28314.0,2.0,0.0784313725490196,0.9215686274509803
74984.0,2.0,0.0,1.0
161286.0,2.0,0.16666666666666666,0.8333333333333334
79660.0,1.0,0.6995971410006497,0.3004028589993502
19776.0,2.0,0.4365079365079365,0.5634920634920635
150874.0,2.0,0.0784313725490196,0.9215686274509803
141555.0,1.0,0.5740740740740741,0.425925925925926
1676.0,1.0,1.0,0.0
11757.0,2.0,0.10097772597772597,0.8990222740222741
110872.0,1.0,0.8141078270388614,0.18589217296113847
89575.0,1.0,1.0,0.0
94018.0,2.0,0.3436507936507936,0.6563492063492063
149666.0,2.0,0.0,1.0
97951.0,2.0,0.3798368298368298,0.6201631701631701
94991.0,1.0,0.6251271876271876,0.3748728123728124
45760.0,2.0,0.4489931364931365,0.5510068635068636
164389.0,2.0,0.03508771929824561,0.9649122807017544
3554.0,1.0,1.0,0.0
99300.0,2.0,0.4388888888888889,0.5611111111111111
67824.0,2.0,0.17625661375661375,0.8237433862433862
166299.0,2.0,0.047619047619047616,0.9523809523809524
25211.0,2.0,0.2625356125356126,0.7374643874643875
66863.0,1.0,0.8926455026455026,0.10735449735449736
93608.0,1.0,0.7761904761904761,0.2238095238095238
27473.0,2.0,0.16666666666666666,0.8333333333333334
39757.0,2.0,0.3125,0.6875
45189.0,2.0,0.2549827623357035,0.7450172376642965
13092.0,1.0,1.0,0.0
86446.0,1.0,0.648104131295982,0.3518958687040181
89274.0,1.0,0.66666818333485,0.33333181666515
22316.0,2.0,0.1349206349206349,0.8650793650793651
146183.0,1.0,0.6160714285714285,0.3839285714285714
59379.0,1.0,1.0,0.0
128522.0,2.0,0.2154882154882155,0.7845117845117846
152327.0,2.0,0.16666666666666666,0.8333333333333334
167563.0,2.0,0.16666666666666666,0.8333333333333334
158052.0,2.0,0.16666666666666666,0.8333333333333334
134793.0,2.0,0.23941798941798942,0.7605820105820106
79969.0,1.0,0.5094259621656881,0.4905740378343118
159021.0,2.0,0.16666666666666666,0.8333333333333334
52120.0,2.0,0.06535947712418301,0.9346405228758169
87099.0,2.0,0.2962962962962963,0.7037037037037037
120300.0,1.0,0.6327380952380951,0.36726190476190473
146784.0,2.0,0.05555555555555555,0.9444444444444443
92535.0,2.0,0.4423661986161986,0.5576338013838015
111526.0,2.0,0.36245791245791253,0.6375420875420875
115419.0,2.0,0.25,0.75
163064.0,2.0,0.13333333333333333,0.8666666666666667
65614.0,1.0,1.0,0.0
81808.0,2.0,0.29430812172550236,0.7056918782744975
142659.0,2.0,0.05555555555555555,0.9444444444444443
35453.0,1.0,1.0,0.0
59885.0,2.0,0.3958333333333333,0.6041666666666666
57883.0,2.0,0.36084341288002614,0.6391565871199739
4547.0,1.0,1.0,0.0
98644.0,1.0,0.60061115355233,0.39938884644767
59580.0,1.0,0.8787229938271605,0.1212770061728395
27986.0,2.0,0.23553703778161983,0.7644629622183802
79806.0,1.0,1.0,0.0
155037.0,2.0,0.0,1.0
169088.0,2.0,0.3333333333333333,0.6666666666666666
