id,age_range,bank_balance,customer_monthly_income,employment_type,isDueDateAllignedWithPayDate,loan_amount,marital_status,store_state,percentagePmtAboveIncome
1,56 to 65,453.43,6224.96,Regular Job,0,500,2,NV,0.01753104
2,56 to 65,44.31,1240,Regular Job,0,400,2,NV,0.04135484
3,56 to 65,1882.76,5885.04,Self Employed,0,600,1,NM,0.01831763
4,36 to 45,975.61,4494.16,Regular Job,0,500,2,AL,0.13072521
5,75 and above,203.62,3700.92,Regular Job,1,400,2,MI,0.12283702
6,56 to 65,142.29,1272,Social Security,1,800,3,NM,0.05044025
7,56 to 65,29.25,4968.28,Regular Job,0,800,2,NM,0.01449798
8,46 to 55,15.27,1014,Retired / Pension,0,150,2,LA,0.18755424
9,66 to 75,1602.13,1199.7,Social Security,0,2000,1,NM,0.23605901
10,66 to 75,323.78,4053.34,Retired / Pension,0,800,2,NM,0.03548185
11,66 to 75,308.06,1292.4,Social Security,0,400,2,NV,0.0341303
12,26 to 35,4.25,3736.72,Regular Job,1,200,1,OK,0.06172526
13,75 and above,22.11,993.29,Retired / Pension,0,1500,1,NM,0.21463017
14,56 to 65,122.09,7789,Regular Job,0,400,1,ID,0.01311593
15,56 to 65,1545.59,1200,Other,0,500,1,OK,0.18785
16,46 to 55,13.7,991.3,Social Security,0,500,2,OK,0.10111974
17,26 to 35,204.44,783,Social Security,0,400,2,NM,0.11804598
18,66 to 75,35.82,1670.5,Retired / Pension,0,1200,1,OK,0.09613888
19,75 and above,1789.18,1803,Social Security,0,1000,2,NV,0.1067665
20,56 to 65,1174.98,1048,Social Security,0,500,2,OK,0.09564885
21,26 to 35,87.93,3877.32,Regular Job,0,750,2,NM,0.0312716
22,56 to 65,47.88,2535.8,Regular Job,0,400,1,NV,0.01697689
23,46 to 55,36.3,9273.18,Self Employed,1,400,1,NM,0.0024587
24,66 to 75,5.4,887,Social Security,0,300,1,NM,0.09066516
25,46 to 55,128.67,3814.28,Regular Job,1,500,1,OK,0.14829797
26,56 to 65,115.39,1264,Social Security,1,400,1,MI,0.35965981
27,75 and above,1372.84,1001.6,Social Security,1,500,1,NM,0.09109425
28,66 to 75,90.85,1405,Social Security,0,700,2,OK,0.07723132
29,56 to 65,243.73,1227,Social Security,0,2000,2,NM,0.23080685
30,36 to 45,17.86,2530.72,Regular Job,0,800,2,NM,0.0328207
31,56 to 65,131.97,3192,Regular Job,0,300,2,LA,0.11121554
32,36 to 45,701.26,1704,Regular Job,0,1300,1,OK,0.10070423
33,26 to 35,3.82,3065.24,Regular Job,0,600,1,ID,0.02638945
34,56 to 65,4.89,4726,Regular Job,0,750,2,NM,0.01841727
35,36 to 45,10.32,2528.44,Regular Job,1,50,2,AL,0.02323567
36,75 and above,577.79,1047,Social Security,1,150,1,OK,0.16529131
37,56 to 65,61.69,3396.48,Regular Job,0,100,1,OK,0.03404996
38,26 to 35,38.32,4106.92,Regular Job,0,1400,1,ID,0.03155893
39,46 to 55,1059.22,3139.08,Regular Job,0,400,2,NM,0.02944493
40,66 to 75,1675.13,2067.18,Retired / Pension,0,600,2,NM,0.07133873
41,75 and above,21.02,4754.38,Retired / Pension,0,300,2,NM,0.0155015
42,66 to 75,590.58,1340.14,Social Security,1,500,2,AL,0.43838703
43,36 to 45,154.82,983.9,Regular Job,1,750,2,NM,0.12323407
44,26 to 35,40.99,8919.36,Regular Job,0,300,2,NM,0.00901858
45,46 to 55,121.33,4220.72,Regular Job,0,932.06,1,ID,0.02103196
46,16 to 25,36,8528.73,Regular Job,1,200,2,MS,0.02814018
47,75 and above,0.21,1110,Social Security,0,750,1,NM,0.10991892
48,26 to 35,35.08,1320,Self Employed,0,300,2,NM,0.01693182
49,36 to 45,258.07,4520.28,Regular Job,0,700,1,ID,0.01708744
50,46 to 55,761.24,5901.36,Regular Job,1,600,2,NV,0.03162322
51,75 and above,6.59,794,Social Security,0,400,2,NM,0.12410579
52,26 to 35,79.3,1899,Regular Job,0,300,2,NV,0.01877304
53,56 to 65,999.9,9939.52,Self Employed,0,1300,2,NV,0.01694046
54,46 to 55,517.68,3957.04,Regular Job,0,800,1,NM,0.01506176
55,46 to 55,20.29,1120,Social Security,0,625,2,NM,0.094
56,56 to 65,1974.23,8893.68,Self Employed,0,500,1,NM,0.00420411
57,36 to 45,415.82,1015.88,Regular Job,0,400,2,NM,0.09659605
58,56 to 65,830.71,2921.52,Regular Job,0,700,2,NM,0.02098907
59,66 to 75,0.39,794,Social Security,0,1000,2,NM,0.2072796
60,26 to 35,10.52,2938.68,Regular Job,1,200,2,MS,0.08166932
61,36 to 45,91.61,7733.88,Self Employed,0,500,1,NM,0.00483457
62,36 to 45,491.8,3363.6,Regular Job,0,500,1,OK,0.03160304
63,66 to 75,2.08,770,Social Security,0,300,1,OK,0.10855844
64,46 to 55,126.56,2300.64,Regular Job,0,250,2,NM,0.01275732
65,66 to 75,1.04,2331,Social Security,0,2700,1,NM,0.1565251
66,66 to 75,124.18,362,Other,0,200,2,NM,0.13571823
67,46 to 55,620.99,7130.32,Regular Job,0,400,3,NM,0.01380022
68,36 to 45,1068.88,4018.52,Regular Job,1,150,1,MS,0.04479261
69,26 to 35,48.75,4375.48,Regular Job,0,500,1,NM,0.00887217
70,56 to 65,2682.4,3666.52,Regular Job,0,600,1,OK,0.05114932
71,56 to 65,29.25,4968.28,Regular Job,0,1000,2,NM,0.01562714
72,56 to 65,208.81,6361.8,Regular Job,1,1000,2,NM,0.01220881
73,75 and above,156,1735,Retired / Pension,0,1000,2,OK,0.11554467
74,36 to 45,124.88,5421.36,Regular Job,0,1000,1,OK,0.03697781
75,36 to 45,4.36,6533.48,Regular Job,1,500,2,AL,0.08992145
76,66 to 75,470.9,1466,Social Security,1,1500,2,NV,0.19492497
77,56 to 65,3.12,781,Social Security,0,750,1,OK,0.1925096
78,56 to 65,1299.33,794,Social Security,0,600,2,NM,0.15492443
79,46 to 55,415.89,5842.6,Regular Job,0,1000,1,OK,0.03398316
80,56 to 65,242.85,330,Social Security,0,200,1,OK,0.22093939
81,66 to 75,5.4,887,Social Security,0,400,1,NM,0.10420519
82,66 to 75,2930.62,1944,Social Security,0,480.2,1,ID,0.06441872
83,66 to 75,3.22,780,Social Security,0,300,2,NM,0.09419231
84,75 and above,164,365.01,Retired / Pension,0,500,2,NM,0.33604559
85,56 to 65,5739.83,2812.2,Regular Job,1,525,2,NM,0.0178828
86,16 to 25,0.01,4324,Self Employed,1,750,2,ID,0.01776596
87,26 to 35,1827.9,6349.52,Regular Job,1,2100,1,NM,0.02676738
88,66 to 75,2236.75,1316.7,Social Security,0,400,1,NV,0.07028936
89,36 to 45,838.81,9968.8,Self Employed,0,1400,2,NM,0.01033926
90,66 to 75,317.81,1123.9,Retired / Pension,0,750,1,NM,0.1099742
91,36 to 45,483.17,9291.45,Regular Job,0,100,2,MS,0.0129151
92,75 and above,419.97,537,Social Security,0,400,2,NM,0.17212291
93,26 to 35,55.04,4398.68,Regular Job,0,700,2,ID,0.01494767
94,56 to 65,113.38,669.96,Regular Job,1,100,1,MS,0.17911517
95,36 to 45,415.89,5419,Self Employed,0,500,2,NM,0.0108341
96,56 to 65,1.24,2462.58,Self Employed,0,200,2,NV,0.02179016
97,66 to 75,803.3,1113,Social Security,0,800,1,OK,0.14409704
98,36 to 45,2095.95,5706.28,Regular Job,0,1500,1,NV,0.02542462
99,75 and above,5018.67,2779.89,Retired / Pension,0,1500,1,NM,0.08442061
100,16 to 25,9.76,4000,Regular Job,0,600,2,NM,0.0131925
101,46 to 55,171.76,6989.76,Regular Job,0,2750,1,NM,0.0286419
102,46 to 55,570.56,9308,Self Employed,0,1060,2,ID,0.01048668
103,26 to 35,164.8,5475.92,Regular Job,0,400,1,NM,0.00884965
104,56 to 65,1179.24,3343.8,Self Employed,0,250,2,ID,0.01488127
105,26 to 35,7.5,2284.4,Regular Job,0,1000,2,NM,0.07204518
106,66 to 75,172.06,1544,Social Security,0,2100,2,NM,0.18766839
107,66 to 75,9.48,2418,Social Security,0,1000,2,NV,0.05383788
108,56 to 65,106.39,897,Social Security,0,500,2,NM,0.12712375
109,46 to 55,344.18,9484.28,Regular Job,1,2000,1,NV,0.01596115
110,36 to 45,28.24,794,Social Security,0,500,2,NM,0.13983627
111,56 to 65,89.11,5714.72,Regular Job,0,900,2,NM,0.01412493
112,66 to 75,4.53,853,Social Security,1,600,2,MI,0.79321219
113,66 to 75,214.23,1300.6,Regular Job,0,750,2,NM,0.10390589
114,75 and above,104.98,794,Social Security,0,400,2,NM,0.11536524
115,56 to 65,990.84,1424.8,Regular Job,0,500,1,OK,0.06967996
116,36 to 45,195.17,2912.68,Regular Job,0,300,1,NV,0.02811843
117,56 to 65,420.75,4043.24,Self Employed,1,500,2,ID,0.01675142
118,56 to 65,498.33,3461.52,Regular Job,1,500,1,OK,0.16338487
119,46 to 55,2.88,4911.4,Regular Job,0,900,2,NM,0.01317343
120,66 to 75,90.2,851.05,Retired / Pension,0,500,2,NM,0.14452735
121,66 to 75,782.84,804,Social Security,0,800,2,NM,0.17083333
122,36 to 45,25,586.88,Regular Job,0,900,2,NM,0.25168689
123,66 to 75,946.52,597,Social Security,0,500,2,NM,0.17179229
124,66 to 75,35.06,5546.36,Regular Job,0,2500,2,NV,0.04323917
125,56 to 65,5.84,832,Social Security,0,300,1,NM,0.08858173
126,46 to 55,479,8800,Regular Job,1,250,2,OK,0.03274432
127,56 to 65,3.79,783,Social Security,0,200,2,LA,0.31959132
128,36 to 45,3758.33,4546.4,Regular Job,0,900,1,NM,0.01480292
129,36 to 45,213.61,4075.52,Regular Job,1,300,2,NM,0.00527049
130,36 to 45,21.67,8439.24,Regular Job,0,400,1,NM,0.01095241
131,66 to 75,143.79,568,Social Security,0,400,2,NM,0.16272887
132,56 to 65,20.72,830,Social Security,0,500,1,NV,0.06260241
133,66 to 75,200,865,Social Security,0,1500,1,OK,0.22682081
134,36 to 45,726.48,5054.48,Regular Job,0,2500,1,NM,0.03809492
135,56 to 65,8.65,3818.2,Regular Job,0,700,2,NM,0.01756063
136,66 to 75,5.03,924.5,Social Security,0,500,1,OK,0.10842618
137,46 to 55,239.94,8856.96,Regular Job,0,1150,1,NM,0.01003505
138,75 and above,6.59,794,Social Security,0,400,2,NM,0.1240932
139,46 to 55,541.94,4306.64,Regular Job,1,800,2,NM,0.02483607
140,56 to 65,6.83,794,Social Security,0,750,2,NM,0.15270781
141,36 to 45,0.49,3073.41,Regular Job,0,150,2,MS,0.05856687
142,56 to 65,0.02,1160,Social Security,0,600,2,ID,0.12127586
143,46 to 55,2.88,4911.4,Regular Job,0,900,2,NM,0.01317343
144,75 and above,343.49,1422,Social Security,0,400,2,OK,0.0783474
145,46 to 55,1032.12,4040.44,Regular Job,0,741.32,1,NM,0.0139663
146,56 to 65,1250,2188,Social Security,0,350,2,DE,0.04546618
147,46 to 55,200,522,Social Security,1,250,2,MI,0.54810345
148,36 to 45,92.54,8213.1,Regular Job,0,400,2,NM,0.01194799
149,46 to 55,234.59,1314.4,Social Security,0,900,2,NM,0.10923615
150,56 to 65,490.73,7361.44,Regular Job,0,350,1,NV,0.00618901
151,66 to 75,0.46,2840.45,Retired / Pension,0,800,2,NM,0.04641518
152,46 to 55,122.63,6412.96,Regular Job,0,3000,1,ID,0.04028561
153,56 to 65,52.66,4175.36,Regular Job,0,200,2,NV,0.00593961
154,56 to 65,22.15,1227,Social Security,0,750,2,OK,0.13121434
155,46 to 55,113.55,8724.96,Regular Job,0,600,1,OK,0.01365393
156,36 to 45,738.67,9174.04,Regular Job,0,950,1,OK,0.02075967
157,56 to 65,228.2,3106.04,Retired / Pension,1,600,1,MI,0.21783686
158,46 to 55,95.95,3800,Regular Job,0,1200,1,OK,0.06330526
159,26 to 35,38.32,4106.92,Regular Job,0,1400,1,ID,0.03155893
160,36 to 45,0.69,3291,Regular Job,0,1000,1,NM,0.05006989
161,75 and above,1510.48,1456.32,Retired / Pension,0,750,2,NM,0.0832578
162,46 to 55,3,1340.14,Social Security,0,600,2,OK,0.09610936
163,56 to 65,41.5,8374.59,Regular Job,0,1700,1,NM,0
164,26 to 35,3.41,2681.88,Regular Job,0,500,1,NV,0.01937447
165,46 to 55,102.58,2902.96,Regular Job,0,550,2,NM,0.02224626
166,36 to 45,838.81,9968.8,Self Employed,0,750,2,NM,0.00603383
167,26 to 35,928.95,3786.16,Regular Job,0,300,2,VA,0.09890232
168,56 to 65,234.65,4004.52,Regular Job,0,200,2,NM,0.01659375
169,66 to 75,16.22,648,Social Security,0,1500,2,NM,0.38098765
170,16 to 25,0.14,2280,Regular Job,1,300,2,AL,0.15460526
171,56 to 65,583.44,5360.2,Regular Job,0,1500,2,NM,0.02170815
172,46 to 55,140.46,3428.28,Regular Job,1,500,2,OK,0.16499527
173,56 to 65,813.01,3830.64,Regular Job,0,1700,1,NM,0.03201554
174,26 to 35,150.42,4800,Regular Job,0,150,2,MS,0.0375
175,26 to 35,1913.27,4814.72,Regular Job,0,900,1,ID,0.02396401
176,46 to 55,471.22,3917.76,Regular Job,0,600,2,NM,0.01233868
177,26 to 35,234.94,5616.96,Regular Job,0,700,2,NM,0.01106114
178,16 to 25,339.22,2060,Regular Job,0,275,2,MS,0.16280097
179,36 to 45,334.39,4484.24,Regular Job,1,500,2,NM,0.01166976
180,36 to 45,5.49,733,Social Security,0,500,2,OK,0.13675307
181,66 to 75,1.02,1682.72,Retired / Pension,0,200,2,NM,0.02883427
182,75 and above,848.58,1592,Social Security,0,1000,1,NV,0.12301508
183,36 to 45,45.1,3266.12,Regular Job,0,750,1,NV,0.02278238
184,46 to 55,50,2130.48,Regular Job,0,100,2,MS,0.05632534
185,36 to 45,178.47,4068,Self Employed,1,406.82,2,ID,0.01268928
186,56 to 65,5.07,1233,Social Security,0,1500,1,OK,0.24387672
187,36 to 45,420.02,7795.28,Regular Job,1,500,1,AL,0.07536612
188,56 to 65,1514.39,2000,Social Security,0,1300,2,NV,0.16207
189,56 to 65,999.9,9939.52,Self Employed,0,1300,2,NV,0.01702698
190,46 to 55,35.52,4821.4,Regular Job,0,600,2,NM,0.0149189
191,56 to 65,413.17,5747.16,Regular Job,0,550,2,OK,0.01918513
192,75 and above,669.12,3321.85,Retired / Pension,0,500,1,NM,0.03337899
193,66 to 75,163.95,711,Social Security,0,750,2,NM,0.17271449
194,16 to 25,202.53,1932.88,Self Employed,0,250,2,NM,0.01366872
195,66 to 75,7.65,5784.76,Regular Job,0,600,2,MI,0.11696423
196,36 to 45,345.96,6923.08,Regular Job,0,700,2,NV,0.01020355
197,16 to 25,23.35,2320.08,Regular Job,1,600,2,MI,0.29163219
198,46 to 55,514.08,1514.08,Social Security,0,750,1,NV,0.10321119
199,36 to 45,873.36,2344,Social Security,0,500,2,AL,0.25063993
200,75 and above,44.39,1595,Social Security,0,550,1,OK,0.07685893
201,46 to 55,524.34,4908.96,Regular Job,0,500,2,NM,0.01057658
202,46 to 55,102,1440,Regular Job,0,750,1,AL,0.09393056
203,36 to 45,1212.23,4755.72,Self Employed,0,800,2,NM,0.01230308
204,66 to 75,1597.82,4352,Regular Job,0,2500,2,NM,0.04340303
205,36 to 45,4861.26,4851.08,Regular Job,0,2000,2,NM,0.02711973
206,46 to 55,116.5,3578.08,Regular Job,0,700,2,OK,0.03877499
207,66 to 75,8.92,3574,Social Security,0,300,2,OK,0.09671237
208,46 to 55,14.15,783,Social Security,0,500,2,OK,0.17790549
209,66 to 75,33.8,1505.64,Retired / Pension,0,2000,2,NM,0.15111846
210,26 to 35,2.86,1094,Social Security,0,600,2,OK,0.08801645
211,36 to 45,0.99,3863.88,Self Employed,0,800,2,NM,0.02008862
212,56 to 65,583.44,5360.2,Regular Job,0,1500,2,NM,0.02173426
213,56 to 65,489.73,3279.22,Social Security,0,1000,1,NV,0.05870298
214,56 to 65,186.02,5233.04,Regular Job,0,750,1,NV,0.01799528
215,26 to 35,190.8,3857.4,Regular Job,0,500,2,NM,0.01317208
216,26 to 35,0.93,5270.96,Regular Job,0,200,3,ID,0.00511482
217,66 to 75,5,743,Social Security,0,200,2,NM,0.08944818
218,36 to 45,41561.78,693.9,Social Security,0,1200,2,OK,0.34654849
219,36 to 45,445.59,7785.28,Regular Job,0,700,2,NM,0.00737546
220,46 to 55,281.98,7248.44,Regular Job,0,500,2,NM,0.0056081
221,66 to 75,231.58,2027.16,Social Security,0,2000,2,NM,0.1321652
222,66 to 75,189.58,1210,Social Security,0,750,1,NM,0.11168595
223,56 to 65,305.82,4514.28,Regular Job,0,500,1,OK,0.03066934
224,75 and above,25.43,1427.36,Retired / Pension,0,750,1,NV,0.10948184
225,56 to 65,201.15,7185.2,Self Employed,0,1500,1,NM,0.01621388
226,66 to 75,323.78,4053.34,Retired / Pension,0,800,2,NM,0.03546705
227,36 to 45,146.43,8940.88,Regular Job,0,1200,1,NM,0.00984243
228,26 to 35,227.72,6335.68,Regular Job,1,400,2,NM,0.01550899
229,66 to 75,90.55,1195,Social Security,0,400,2,NM,0.07734728
230,16 to 25,9.76,4000,Regular Job,1,400,2,NM,0.0116975
231,36 to 45,276.65,2644,Retired / Pension,0,600,2,OK,0.04505673
232,66 to 75,2032.65,3389.53,Retired / Pension,0,500,1,OK,0.16688154
233,56 to 65,751.63,8184.32,Regular Job,1,1500,1,NV,0.0144899
234,46 to 55,2935.66,4172.72,Regular Job,0,500,2,OK,0.0240227
235,26 to 35,4.39,1100,Self Employed,0,400,2,ID,0.04733636
236,36 to 45,149,1894,Regular Job,0,500,2,NM,0.02932418
237,66 to 75,0.46,2840.45,Retired / Pension,0,700,2,NM,0.01967294
238,46 to 55,1.21,3432.04,Regular Job,0,500,1,NM,0.01504062
239,46 to 55,77.23,3279.24,Regular Job,0,500,2,NM,0.01595797
240,36 to 45,496.57,5554.84,Regular Job,0,500,1,NV,0.00944582
241,26 to 35,347.74,2378.64,Regular Job,0,150,2,MS,0.07567349
242,16 to 25,88.05,3405.96,Regular Job,0,335.18,2,NM,0.01127729
243,75 and above,4.51,1338,Social Security,0,500,1,NV,0.0972571
244,56 to 65,367.91,4647.52,Regular Job,1,500,2,OK,0.12171007
245,46 to 55,1245.6,400,Social Security,0,1500,1,OK,0.4905
246,66 to 75,323.78,4053.34,Retired / Pension,0,800,2,NM,0.03546705
247,75 and above,938.7,1088.1,Social Security,0,500,1,NM,0.10204025
248,36 to 45,4861.26,4851.08,Regular Job,0,2000,2,NM,0.02671364
249,26 to 35,25.44,1686.4,Regular Job,0,250,1,OK,0.04130693
250,46 to 55,605.17,5570.92,Regular Job,0,600,1,OK,0.0172844
251,75 and above,21.38,1035,Social Security,0,400,2,NV,0.08942029
252,16 to 25,642.93,983.27,Regular Job,0,100,2,OK,0.0283442
253,56 to 65,592.69,3287.72,Regular Job,0,600,1,ID,0.02315586
254,46 to 55,218.47,4278.24,Self Employed,0,1000,2,NM,0.01815466
255,26 to 35,3.32,3418,Regular Job,0,700,2,NM,0.01829725
256,56 to 65,1487.27,6419.65,Retired / Pension,0,1500,2,NM,0.03676213
257,46 to 55,1070.06,5397.8,Regular Job,0,800,2,NM,0.01133239
258,36 to 45,5.7,1608,Social Security,1,750,2,ID,0.09185323
259,46 to 55,166.84,7733.36,Regular Job,0,1237.12,2,NV,0.01473098
260,66 to 75,172.06,1544,Social Security,0,500,2,NM,0.06643782
261,36 to 45,104.77,4517.32,Regular Job,1,500,1,OK,0.12521805
262,66 to 75,946.52,597,Social Security,0,500,2,NM,0.1718258
263,46 to 55,597.94,5972.48,Regular Job,0,600,2,NM,0.0082043
264,46 to 55,1.35,2400,Regular Job,0,200,2,ID,0.01127083
265,66 to 75,393.88,1180,Social Security,1,500,2,NM,0.10104237
266,56 to 65,52.87,2428.64,Retired / Pension,0,750,1,NM,0.04992506
267,46 to 55,338.97,2719.48,Regular Job,1,1300,2,ID,0.0433502
268,46 to 55,17.43,8719.12,Regular Job,0,500,1,OK,0.01149657
269,36 to 45,439.68,6662.76,Self Employed,1,750,2,NM,0.00874262
270,26 to 35,2.86,1094,Social Security,0,400,2,OK,0.09321755
271,66 to 75,851.83,1501.3,Social Security,0,987.24,2,NM,0.10805302
272,75 and above,50.23,3095.47,Regular Job,0,1000,2,NV,0.06326664
273,56 to 65,80.28,1596.88,Retired / Pension,0,200,1,NM,0.04052277
274,36 to 45,45.1,3266.12,Regular Job,0,750,1,NV,0.02278238
275,46 to 55,46.93,4370,Regular Job,0,1200,1,OK,0.05337757
276,46 to 55,1762.92,4335.28,Regular Job,0,600,2,DE,0.01313641
277,46 to 55,195.83,803,Social Security,0,300,2,NM,0.09181818
278,16 to 25,3.71,1109.52,Regular Job,1,150,2,AL,0.15885248
279,46 to 55,77.23,3279.24,Regular Job,0,350,2,NM,0.01214611
280,56 to 65,140.11,9996,Regular Job,0,200,1,AL,0.0235094
281,46 to 55,125,4151.4,Regular Job,0,750,2,NM,0.01403141
282,36 to 45,471.93,4446.24,Self Employed,0,1000,2,NM,0.03706503
283,75 and above,47116.33,779,Social Security,0,300,2,NM,0.10781772
284,36 to 45,147.76,4112.8,Self Employed,0,970.29,1,ID,0.02193396
285,56 to 65,0.13,2869.6,Regular Job,0,300,2,NM,0.02568302
286,46 to 55,1244.45,835,Social Security,0,450,2,OK,0.11568862
287,75 and above,4.51,1338,Social Security,0,300,1,NV,0.137713
288,66 to 75,3511.94,880,Regular Job,0,200,2,NM,0.07354545
289,26 to 35,193,1624,Regular Job,0,500,1,OK,0.08577586
290,56 to 65,400.07,4621.4,Regular Job,0,675,2,NM,0.01166097
291,36 to 45,18.83,6056.24,Regular Job,0,600,2,NM,0.01156493
292,36 to 45,135.15,7686,Self Employed,1,600,2,NM,0.0056076
293,36 to 45,0.05,4564,Regular Job,0,1000,2,OK,0.04350351
294,56 to 65,1.05,5265.4,Regular Job,0,300,2,NV,0.01608425
295,46 to 55,338.97,2719.48,Regular Job,0,2000,2,ID,0.06487637
296,56 to 65,1512.02,3200,Regular Job,0,1000,2,AL,0.044675
297,26 to 35,20.55,5125.92,Regular Job,0,150,2,MS,0.03511565
298,16 to 25,57.23,1031.08,Regular Job,0,300,2,AL,0.34187454
299,36 to 45,610.59,5147.16,Regular Job,0,150,1,MS,0.03497074
300,16 to 25,31.32,2031.08,Regular Job,0,200,2,ID,0.01286015
301,26 to 35,1.4,3632.2,Regular Job,0,500,2,OK,0.0275976
302,46 to 55,232.62,8160.96,Regular Job,0,1000,2,OK,0.02432925
303,36 to 45,3761.83,4946.12,Regular Job,0,600,1,OK,0.03379821
304,26 to 35,19.82,747,Social Security,0,400,2,NM,0.09842035
305,36 to 45,142.52,2081.32,Regular Job,1,200,2,ID,0.02458055
306,56 to 65,22.02,650,Social Security,1,100,3,AL,0.18076923
307,56 to 65,15.51,794,Social Security,0,300,2,NM,0.10578086
308,26 to 35,109.88,3776.4,Regular Job,0,500,2,NM,0.01608675
309,75 and above,5,1136.88,Retired / Pension,1,400,2,NM,0.08276159
310,66 to 75,1597.82,4352,Regular Job,0,1900,2,NM,0.03226792
311,36 to 45,258.07,4520.28,Regular Job,0,1000,1,ID,0.01941915
312,46 to 55,121.33,4220.72,Regular Job,0,932.06,1,ID,0.02103196
313,46 to 55,218.47,4278.24,Self Employed,1,925,2,NM,0.01916442
314,75 and above,86.84,863.49,Retired / Pension,0,400,2,NM,0.10704235
315,46 to 55,67.52,1357.4,Regular Job,0,200,2,SC,0.16973626
316,66 to 75,165.25,1360,Social Security,1,1000,2,NM,0.12101471
317,26 to 35,9.76,9450,Regular Job,1,300,1,MI,0.03625503
318,46 to 55,121.33,4220.72,Regular Job,0,1000,1,ID,0.05690972
319,66 to 75,3.23,1805.1,Retired / Pension,0,1000,2,NV,0.10268129
320,46 to 55,918.49,7619.01,Regular Job,0,1500,1,NM,0.02798133
321,56 to 65,8.41,2065.95,Regular Job,0,1250,1,OK,0.12129529
322,26 to 35,5.37,2518.32,Regular Job,1,200,2,OK,0.09158884
323,36 to 45,542.06,4687.28,Regular Job,0,1500,2,NM,0.04281801
324,66 to 75,982,1084,Social Security,0,500,2,NV,0.10067343
325,56 to 65,154.82,5988.72,Regular Job,0,1100,2,NM,0.0142568
326,66 to 75,34.35,1002.5,Social Security,0,750,2,NM,0.13480299
327,46 to 55,166.84,7733.36,Regular Job,0,1500,2,NV,0.0152521
328,36 to 45,1553.64,1761.06,Regular Job,1,205,2,MS,0.1396886
329,56 to 65,140.11,9996,Regular Job,0,200,1,AL,0.0235094
330,36 to 45,7.11,5941.76,Regular Job,0,800,1,NM,0.01232127
331,46 to 55,100.89,761,Self Employed,0,400,2,ID,0.1313929
332,66 to 75,851.83,1501.3,Social Security,0,987.24,2,NM,0.10805302
333,56 to 65,30.08,1109,Social Security,0,750,1,NV,0.06708747
334,26 to 35,65.54,3209.6,Regular Job,1,400,2,OK,0.14196473
335,66 to 75,99.47,7059.52,Regular Job,1,400,1,NM,0.00665343
336,75 and above,78.97,2809.58,Social Security,0,1500,1,NM,0.0835285
337,36 to 45,1212.23,4755.72,Self Employed,1,600,2,NM,0.00984078
338,66 to 75,1273.71,1513.4,Social Security,1,500,1,OK,0.3737016
339,36 to 45,1.5,8800,Regular Job,1,600,2,MI,0.0768875
340,46 to 55,142.47,2841.6,Regular Job,0,400,2,NM,0.01674761
341,56 to 65,8.65,3818.2,Regular Job,0,700,2,NM,0.01357708
342,66 to 75,323.78,4053.34,Retired / Pension,1,800,2,NM,0.0353881
343,36 to 45,1.38,8062.74,Regular Job,0,150,1,MS,0.02232492
344,75 and above,1765.01,1541,Social Security,0,500,2,NM,0.06731343
345,36 to 45,18.83,6056.24,Regular Job,0,500,2,NM,0.00662127
346,46 to 55,41.78,4015.96,Regular Job,0,400,2,OK,0.02119792
347,75 and above,84.63,1127,Social Security,1,500,1,OK,0.50190772
348,46 to 55,58.12,3521.96,Regular Job,0,200,2,LA,0.07105135
349,36 to 45,519,2597.25,Regular Job,0,200,2,OK,0.08877082
350,56 to 65,287.4,752.64,Self Employed,0,500,1,NM,0.15985066
351,46 to 55,16.96,2944.48,Regular Job,0,300,1,NM,0.0139821
352,56 to 65,72.72,9120.16,Self Employed,0,500,2,ID,0.00712268
353,26 to 35,123.99,3750.48,Regular Job,0,500,2,NV,0.02909761
354,36 to 45,34.95,2924.96,Regular Job,1,700,2,NM,0.02113191
355,56 to 65,30.08,1109,Social Security,0,750,1,NV,0.06709648
356,75 and above,434.16,1312,Social Security,0,700,1,OK,0.10695884
357,36 to 45,5.49,733,Social Security,0,600,2,OK,0.16409277
358,66 to 75,197.12,625,Social Security,0,800,2,OK,0.256608
359,36 to 45,445.59,7785.28,Regular Job,0,700,2,NM,0.00737546
360,56 to 65,650.23,3116.16,Self Employed,0,800,2,NM,0.02529395
361,56 to 65,8.96,803,Social Security,1,500,1,OK,0.70442092
362,26 to 35,929.54,4552.12,Regular Job,1,350,2,OK,0.02142299
363,66 to 75,578.66,938,Social Security,0,1000,2,NM,0.17569296
364,66 to 75,2.64,794,Social Security,0,200,2,NM,0.08360202
365,36 to 45,34.95,2924.96,Regular Job,1,700,2,NM,0.02113191
366,26 to 35,63.36,8187.69,Regular Job,0,400,1,NV,0.00538491
367,56 to 65,61.69,3396.48,Regular Job,0,400,1,OK,0.13415359
368,66 to 75,607.7,2062,Self Employed,0,600,2,NM,0.04381183
369,46 to 55,102.63,705.77,Other,0,1000,2,NM,0.21903736
370,26 to 35,10.45,3211,Regular Job,0,500,2,NM,0.0162971
371,56 to 65,30.93,1268,Social Security,0,700,2,OK,0.11067035
372,36 to 45,415.89,5419,Self Employed,0,500,2,NM,0.01041521
373,66 to 75,15,1566.71,Retired / Pension,0,750,2,NM,0.08625719
374,36 to 45,2792.71,4485.84,Regular Job,0,1200,1,NM,0.04384463
375,16 to 25,30.61,2636,Regular Job,1,200,2,MS,0.09104704
376,36 to 45,1921.87,4334,Regular Job,1,500,2,OK,0.13051454
377,26 to 35,33.23,5321.6,Regular Job,0,1500,1,OK,0.05596625
378,36 to 45,230,2729.91,Regular Job,0,600,2,OK,0.04363514
379,46 to 55,1048.5,3723.84,Regular Job,0,205,2,MS,0.06606084
380,56 to 65,52.87,2428.64,Retired / Pension,0,400,1,NM,0.03805834
381,66 to 75,5.4,1624.5,Social Security,1,500,2,MI,0.34817482
382,46 to 55,102.58,2902.96,Regular Job,0,550,2,NM,0.02224626
383,46 to 55,98.28,3537.52,Regular Job,1,500,2,OK,0.15987471
384,16 to 25,454.2,5430.4,Regular Job,1,300,2,ID,0.01504862
385,75 and above,86.84,863.49,Retired / Pension,0,200,2,NM,0.05209093
386,36 to 45,1077.3,5281.2,Self Employed,0,400,1,ID,0.00681853
387,46 to 55,1070.06,5397.8,Regular Job,0,500,2,NM,0.00969469
388,66 to 75,502.62,1181,Social Security,0,300,2,NM,0.06240474
389,66 to 75,105.6,728,Social Security,0,400,2,NM,0.13535714
390,66 to 75,3.23,1805.1,Retired / Pension,0,500,2,NV,0.06056174
391,46 to 55,918.49,7619.01,Regular Job,0,1500,1,NM,0.0279892
392,36 to 45,41.08,9097.64,Regular Job,0,850,2,OK,0.01873013
393,26 to 35,884.6,4742.48,Regular Job,0,750,2,NM,0.02845979
394,46 to 55,61.73,783,Social Security,0,600,2,OK,0.1536143
395,36 to 45,2090.56,3256.76,Regular Job,0,450,2,OK,0.02962453
396,56 to 65,5739.83,2812.2,Regular Job,1,700,2,NM,0.02371809
397,66 to 75,30.15,1222,Social Security,1,189.72,2,ID,0.04225041
398,56 to 65,998.47,5593.96,Regular Job,0,750,2,NM,0.01041302
399,46 to 55,15.91,996,Social Security,0,450,1,OK,0.09686747
400,56 to 65,323.94,3392.08,Regular Job,1,200,2,NM,0.00787128
401,16 to 25,412.62,2686,Regular Job,0,400,2,NV,0.01642219
402,36 to 45,3.12,3808.44,Regular Job,0,900,2,NM,0.01767128
403,36 to 45,509.13,2377.52,Regular Job,1,200,2,AL,0.09884249
404,36 to 45,147.76,4112.8,Self Employed,0,1100,1,ID,0.0278156
405,75 and above,4,614,Social Security,0,100,2,AL,0.19136808
406,36 to 45,1050.78,3263.04,Regular Job,0,1300,2,NM,0.0291017
407,36 to 45,515.28,4000,Regular Job,1,125,2,AL,0.0367175
408,66 to 75,2549.27,1834.8,Regular Job,0,600,1,NM,0.03890887
409,46 to 55,3.65,1439.4,Regular Job,1,1000,2,ID,0.0640892
410,46 to 55,21.84,5815.44,Regular Job,0,1000,2,OK,0.03447203
411,26 to 35,191.39,3967.36,Regular Job,0,200,1,NM,0.01631059
412,46 to 55,166.84,7733.36,Regular Job,0,1500,2,NV,0.0152521
413,36 to 45,168.34,5454.28,Regular Job,0,1000,2,NM,0.03017447
414,36 to 45,442.08,4063,Regular Job,0,1600,2,NM,0.02866601
415,66 to 75,6,1449,Social Security,1,500,1,OK,0.39037267
416,66 to 75,30.36,1369,Retired / Pension,0,700,2,OK,0.14246165
417,26 to 35,188.91,5256.68,Regular Job,1,500,1,OK,0.10760594
418,46 to 55,294.9,3221.97,Retired / Pension,0,960,2,NM,0.04588497
419,46 to 55,1244.45,835,Social Security,1,275,2,OK,0.37941317
420,36 to 45,149,1894,Regular Job,0,1050,2,NM,0.0417793
421,75 and above,72.05,2304,Retired / Pension,0,410,2,MS,0.21701389
422,26 to 35,1913.27,4814.72,Regular Job,0,1000,1,ID,0.02160043
423,56 to 65,1512.02,3200,Regular Job,0,1000,2,AL,0.04441563
424,66 to 75,174.19,1135,Social Security,0,750,2,NM,0.10682819
425,66 to 75,578.66,938,Social Security,0,750,2,NM,0.12710021
426,46 to 55,372.54,8295,Regular Job,1,250,2,AL,0.0354129
427,66 to 75,1312.46,3007.56,Retired / Pension,0,1650,2,NM,0.09008632
428,66 to 75,467.3,1795.8,Regular Job,0,500,1,OK,0.31493485
429,16 to 25,28.09,3000,Regular Job,0,100,3,AL,0.03916667
430,36 to 45,12.68,5568.2,Regular Job,0,350,2,AL,0.0738569
431,46 to 55,1.56,794,Social Security,0,200,2,NM,0.08149874
432,36 to 45,26.04,3643.36,Regular Job,0,500,2,NM,0.03371339
433,66 to 75,35.65,2018.4,Retired / Pension,0,2000,2,NM,0.1127279
434,46 to 55,918.49,7619.01,Regular Job,0,1500,1,NM,0.03244254
435,56 to 65,209.54,1159.65,Retired / Pension,0,300,2,NM,0.06375199
436,66 to 75,46.19,1521.83,Retired / Pension,0,1000,2,NM,0.10814611
437,56 to 65,97.63,599,Social Security,0,500,2,NM,0.20477462
438,56 to 65,829.56,783,Social Security,0,400,2,NM,0.12550447
439,66 to 75,1009.93,654,Social Security,0,500,2,NM,0.13957187
440,36 to 45,905.26,6299.96,Self Employed,0,1000,3,NV,0.01406199
441,36 to 45,947.55,6560,Regular Job,0,300,1,OK,0.01667073
442,66 to 75,119.52,1654.01,Other,0,1000,2,NM,0.08557385
443,46 to 55,27.69,3387.4,Regular Job,1,550,1,NM,0.01768908
444,66 to 75,25.39,1199,Social Security,0,300,1,NV,0.05638866
445,26 to 35,0.57,4600.12,Self Employed,0,300,2,NM,0.01037799
446,56 to 65,546.98,7104,Regular Job,0,600,1,OK,0.01676943
447,56 to 65,422.51,1770.28,Regular Job,0,1000,1,NV,0
448,66 to 75,982,1084,Social Security,0,500,2,NV,0.10067343
449,56 to 65,41.5,8374.59,Regular Job,0,1700,1,NM,0.0075132
450,46 to 55,768.41,4949.72,Regular Job,0,500,1,OK,0.11427919
451,75 and above,2430.63,1045,Social Security,0,300,2,NV,0.07042105
452,26 to 35,95.37,6956.84,Regular Job,0,500,2,NM,0.0079562
453,46 to 55,567,867,Social Security,0,400,2,MI,0.52434833
454,66 to 75,56.29,1114,Social Security,0,300,3,NM,0.04445242
455,36 to 45,34.95,2924.96,Regular Job,0,575,2,NM,0.01908402
456,75 and above,360.82,1602,Social Security,0,1000,2,NV,0.12194757
457,46 to 55,449.4,5137.92,Regular Job,0,200,2,NM,0.01289822
458,16 to 25,0.15,5898.48,Regular Job,0,300,2,ID,0.00318557
459,75 and above,179.21,947,Social Security,1,500,2,OK,0.59730729
460,36 to 45,838.81,9968.8,Self Employed,0,1400,2,NM,0.01126314
461,46 to 55,112.2,3074.64,Regular Job,0,750,1,NM,0.01894531
462,56 to 65,36.25,7089.36,Regular Job,0,1700,2,NM,0.0179311
463,56 to 65,999.9,9939.52,Self Employed,0,1400,2,NV,0.0183359
464,56 to 65,1760,4885.58,Regular Job,0,750,2,NV,0.03203714
465,46 to 55,4.53,794,Social Security,1,400,1,AL,0.59193955
466,56 to 65,79.78,5148.08,Regular Job,0,1500,2,NM,0.0226298
467,46 to 55,796.86,2624.34,Social Security,0,300,2,LA,0.13527211
468,36 to 45,97.53,2564.08,Self Employed,1,400,2,NM,0.01775296
469,46 to 55,104.16,3406.04,Social Security,0,1000,1,OK,0.05885721
470,56 to 65,105.53,783,Social Security,0,200,2,NM,0.06214559
471,66 to 75,1064.44,796,Retired / Pension,0,200,1,NM,0.06172111
472,46 to 55,221.06,2137.34,Regular Job,0,900,1,OK,0.08441334
473,36 to 45,905.26,6299.96,Self Employed,1,1250,3,NV,0.01803821
474,26 to 35,84.62,3955.8,Regular Job,0,200,2,OK,0.0139997
475,56 to 65,16.85,1467,Social Security,0,900,1,OK,0.09338787
476,75 and above,28.97,727,Social Security,0,1000,2,NM,0.2266575
477,36 to 45,857.7,3800,Self Employed,0,1400,2,ID,0.03341053
478,66 to 75,45.79,743,Social Security,0,750,2,NM,0.18188425
479,66 to 75,3511.94,880,Regular Job,0,200,2,NM,0.07353409
480,26 to 35,112.17,5588.76,Regular Job,1,300,2,MI,0.0613034
481,66 to 75,14.4,1044.14,Social Security,0,1500,2,OK,0.2879882
482,36 to 45,687.11,4486.92,Self Employed,1,800,2,NM,0.01561873
483,56 to 65,186.02,5233.04,Regular Job,0,1500,1,NV,0.02564093
484,66 to 75,5.7,1311,Social Security,0,250,2,ID,0.05064836
485,26 to 35,1131.48,4648.48,Regular Job,0,75,2,OK,0.01869428
486,26 to 35,80.23,1639.52,Regular Job,0,200,1,OK,0.04426296
487,36 to 45,178.47,4068,Self Employed,1,300,2,ID,0.00960177
488,46 to 55,3724.89,8760.56,Regular Job,1,1200,2,NM,0.01000507
489,26 to 35,147.26,836,Social Security,0,200,2,NM,0.05876794
490,56 to 65,11.46,9160,Regular Job,1,700,1,NV,0.00954476
491,26 to 35,0.5,2856.2,Self Employed,1,750,1,NM,0.02309362
492,66 to 75,196.08,6051.76,Regular Job,0,150,2,MI,0.02852228
493,66 to 75,20.72,1935,Social Security,0,500,1,NV,0.05658398
494,46 to 55,148.32,878,Social Security,0,500,2,NM,0.12643508
495,66 to 75,1958.23,2636.31,Retired / Pension,1,2000,2,NM,0.08630624
496,36 to 45,213.61,4075.52,Regular Job,1,300,2,NM,0.00527049
497,36 to 45,34.95,2924.96,Regular Job,1,700,2,NM,0.02113191
498,26 to 35,1.78,2265.76,Regular Job,0,400,2,NM,0.04336735
499,56 to 65,347.82,692,Social Security,0,400,2,NM,0.14219653
500,56 to 65,2248.26,3587.4,Regular Job,0,1800,2,NM,0.0366505
501,66 to 75,357.34,1396,Social Security,0,750,1,NM,0.0868553
502,46 to 55,500,1596.48,Regular Job,0,750,2,NM,0.03648652
503,36 to 45,136.28,4493.04,Regular Job,0,300,1,MI,0.07625349
504,26 to 35,977.69,2908.12,Self Employed,0,600,2,NM,0.01542921
505,36 to 45,21.67,8439.24,Regular Job,0,1600,1,NM,0.03099924
506,75 and above,39.36,1267,Social Security,0,500,2,OK,0.44637727
507,66 to 75,17.99,2787.36,Retired / Pension,0,700,2,OK,0.05390046
508,56 to 65,16.79,2621.96,Regular Job,0,750,2,NM,0.05161025
509,56 to 65,8.65,3818.2,Regular Job,0,700,2,NM,0.01370803
510,46 to 55,1.21,3432.04,Regular Job,1,500,1,NM,0.01504062
511,36 to 45,5,8400,Regular Job,0,1500,2,OK,0.02335714
512,46 to 55,4246.18,2734.4,Regular Job,0,300,2,NV,0.01356056
513,66 to 75,201.49,1062,Social Security,0,800,2,ID,0.16456685
514,26 to 35,149.91,4400,Regular Job,0,1500,2,ID,0.02961136
515,16 to 25,1006.75,8957.97,Regular Job,0,600,2,NM,0.01649258
516,26 to 35,1846.61,6532,Regular Job,0,1000,2,OK,0.03069045
517,26 to 35,2.42,1082.5,Regular Job,0,700,2,OK,0.1296351
518,36 to 45,367.55,1366.2,Regular Job,0,500,2,NV,0.04619382
519,75 and above,4.33,1518,Social Security,0,600,1,OK,0.07922266
520,46 to 55,1032.12,4040.44,Regular Job,0,741.32,1,NM,0.02445031
521,66 to 75,752.13,785,Social Security,1,200,1,OK,0.29370701
522,56 to 65,15.51,794,Social Security,1,500,2,NM,0.12418136
523,56 to 65,234.65,4004.52,Regular Job,0,1000,2,NM,0.0193831
524,66 to 75,752.13,785,Social Security,0,150,1,OK,0.22057325
525,66 to 75,19524.38,2502.02,Retired / Pension,0,600,1,NM,0.0431931
526,36 to 45,203.25,1250.85,Regular Job,0,1100,1,ID,0.14627653
527,66 to 75,1381.8,8400,Self Employed,0,1250,2,NV,0.01331548
528,75 and above,21.38,1035,Social Security,0,400,2,NV,0.08927536
529,36 to 45,4.3,1211.5,Social Security,0,500,1,OK,0.081948
530,56 to 65,999.9,9939.52,Self Employed,0,1300,2,NV,0.04010053
531,26 to 35,5.76,6726.92,Regular Job,0,700,1,OK,0.02086096
532,46 to 55,754.7,5811.84,Regular Job,0,600,2,OK,0.02049781
533,66 to 75,943,1813,Social Security,0,300,2,NM,0.02536128
534,26 to 35,199.06,4376.48,Regular Job,1,200,1,NV,0.00610765
535,26 to 35,231.68,2233.24,Regular Job,0,300,2,OK,0.03742992
536,46 to 55,4.06,1887.18,Other,1,600,2,NM,0.02538179
537,66 to 75,163.95,711,Social Security,0,750,2,NM,0.19012658
538,66 to 75,33.77,597,Social Security,0,1500,3,NM,0.41353434
539,56 to 65,68.64,1436,Social Security,1,600,2,MI,0.47109331
540,56 to 65,1.53,783,Social Security,0,150,1,OK,0.05338442
541,26 to 35,13.2,1251.8,Regular Job,0,500,1,OK,0.0856926
542,36 to 45,581.15,3948,Regular Job,1,500,1,OK,0.14327508
543,56 to 65,247.61,3400,Regular Job,0,1000,2,NM,0.04840588
544,36 to 45,544.32,1525.36,Regular Job,0,300,2,OK,0.05480018
545,66 to 75,1266.25,734,Social Security,0,400,2,NM,0.10677112
546,66 to 75,2.22,899,Social Security,1,400,2,MI,0.50555061
547,56 to 65,90.8,2654,Social Security,0,500,2,OK,0.08526375
548,75 and above,28.57,662,Social Security,0,1000,2,NM,0.24891239
549,26 to 35,0.38,783,Social Security,0,200,2,MS,0.30651341
550,26 to 35,55.04,4398.68,Regular Job,0,700,2,ID,0.01494767
551,46 to 55,11005.25,7200,Regular Job,1,300,2,LA,0.04930556
552,36 to 45,2.16,4800,Self Employed,0,1305.85,2,ID,0.02505208
553,66 to 75,2226.7,3062.67,Retired / Pension,0,750,2,NM,0.03958964
554,26 to 35,6.44,2532.28,Regular Job,0,200,1,ID,0.01072946
555,66 to 75,33.77,597,Social Security,0,500,3,NM,0.1718258
556,46 to 55,1.4,1225,Social Security,0,200,1,MS,0.19591837
557,66 to 75,3257.56,3668.87,Retired / Pension,0,700,1,NM,0.03372428
558,26 to 35,5.52,2263.76,Regular Job,0,900,1,NM,0.06521893
559,46 to 55,87.31,1307,Social Security,0,1300,1,OK,0.19749044
560,36 to 45,38.71,4188.36,Regular Job,0,600,3,OK,0.02871768
561,46 to 55,77.23,3279.24,Regular Job,1,600,2,NM,0.02177029
562,26 to 35,97.06,4341.08,Regular Job,1,350,1,OK,0.0922927
563,66 to 75,168.89,1087,Social Security,0,800,1,OK,0.1475437
564,36 to 45,14.46,3228,Regular Job,0,1200,2,OK,0.07381041
565,66 to 75,168.89,1193,Social Security,1,500,1,OK,0.47414082
566,56 to 65,296.09,5907.2,Regular Job,0,2000,2,NV,0.02685367
567,46 to 55,831.42,8705.26,Regular Job,0,600,2,OK,0.01381693
568,46 to 55,193.75,783,Social Security,1,300,2,LA,0.45338442
569,66 to 75,810.13,982,Social Security,0,750,2,NM,0.12347251
570,26 to 35,5.52,2263.76,Regular Job,0,700,1,NM,0.02536488
571,46 to 55,574.55,4883.92,Self Employed,0,300,2,NM,0.00791577
572,75 and above,595.51,1432,Social Security,1,600,2,MI,0.47240922
573,36 to 45,43.79,1349,Social Security,0,200,3,NV,0.03976279
574,26 to 35,434.75,3613.96,Self Employed,0,1211.15,2,ID,0.03001417
575,36 to 45,415.89,5419,Self Employed,0,1000,2,NM,0.01393061
576,56 to 65,56.25,3400,Regular Job,0,800,2,DE,0.02154412
577,36 to 45,103.35,8995.56,Regular Job,0,400,2,NM,0.00544824
578,46 to 55,77.23,3279.24,Regular Job,0,600,2,NM,0.02116344
579,75 and above,789.18,794,Social Security,0,500,2,NM,0.15469773
580,16 to 25,343.72,1206.16,Regular Job,1,85,2,AL,0.08279996
581,36 to 45,58.52,1376.6,Regular Job,0,600,2,MI,0.49150806
582,26 to 35,190.8,3857.4,Regular Job,0,500,2,NM,0.01029968
583,66 to 75,1.02,1682.72,Retired / Pension,0,300,2,NM,0.04334649
584,36 to 45,4677.49,4567.2,Self Employed,0,550,2,ID,0.01519968
585,26 to 35,0.03,3872.16,Regular Job,0,200,2,MS,0.06198091
586,46 to 55,453.4,4065.04,Regular Job,1,200,1,MS,0.05904001
587,56 to 65,1.45,1135,Social Security,0,750,2,NM,0.10682819
588,26 to 35,480.92,2574.4,Regular Job,0,200,2,NM,0.00917495
589,56 to 65,723.46,920.66,Regular Job,0,200,2,NM,0.04996416
590,46 to 55,5.26,924,Social Security,0,1000,2,NM,0.1658658
591,56 to 65,105.41,7667.56,Regular Job,0,1000,2,NV,0.02510577
592,66 to 75,0.7,1219,Social Security,0,750,2,NV,0.12627564
593,16 to 25,681.65,3118.4,Regular Job,0,200,2,NM,0.00518856
594,66 to 75,401.93,2017.96,Retired / Pension,0,1000,1,NV,0.08787587
595,56 to 65,4.5,798,Social Security,0,1500,1,NM,0.29408521
596,75 and above,164,365.01,Retired / Pension,0,400,2,NM,0.25322594
597,75 and above,6.38,1172,Social Security,0,300,2,NM,0.06154437
598,66 to 75,56.29,1114,Social Security,0,300,3,NM,0.04603232
599,36 to 45,345.96,6923.08,Regular Job,0,700,2,NV,0.01024111
600,36 to 45,129.75,2286.6,Regular Job,0,200,2,NM,0.02148605
601,56 to 65,175.83,5684.88,Regular Job,1,500,2,OK,0.09950078
602,56 to 65,1545.59,1200,Other,0,300,1,OK,0.06965833
603,56 to 65,9.74,1486,Social Security,0,1000,2,NM,0.1107537
604,26 to 35,383.7,3067.16,Regular Job,1,400,2,MI,0.14821855
605,66 to 75,9.42,2458,Social Security,0,500,1,OK,0.0518633
606,66 to 75,1.73,1309,Social Security,0,1500,2,NM,0.18860199
607,66 to 75,766.5,1316,Social Security,0,1100,1,OK,0.11132219
608,66 to 75,1.6,1543,Social Security,0,500,1,NV,0.07084251
609,36 to 45,2.35,3120,Regular Job,1,500,1,AL,0.18830128
610,66 to 75,680.33,1674.83,Social Security,0,1000,1,NM,0.09826669
611,36 to 45,17.86,2530.72,Regular Job,0,700,2,NM,0.02480717
612,36 to 45,12.68,5568.2,Regular Job,0,350,2,AL,0.0738569
613,26 to 35,257.67,8481.27,Regular Job,0,200,2,NM,0.00236521
614,36 to 45,0.39,783,Social Security,0,300,2,NM,0.06103448
615,56 to 65,35.06,794,Social Security,0,750,2,NM,0.15270781
616,26 to 35,682.15,7859.25,Regular Job,0,325,2,MI,0.0471559
617,26 to 35,646.86,3218.76,Regular Job,0,200,2,NM,0.02061663
618,26 to 35,1884.06,3055.52,Regular Job,0,1000,2,NM,0.05393517
619,66 to 75,6.51,618.66,Regular Job,0,500,1,NM,0.1988168
620,66 to 75,257.7,1092,Retired / Pension,0,410,1,MS,0.45787546
621,26 to 35,0.61,3061.76,Regular Job,0,750,2,NM,0.01902501
622,56 to 65,1615.64,4501.32,Regular Job,0,1000,2,NM,0.01725494
623,56 to 65,305.82,4514.28,Regular Job,0,500,1,OK,0.03066934
624,66 to 75,16.32,755,Social Security,1,250,2,OK,0.38153642
625,36 to 45,2095.95,5706.28,Regular Job,0,1000,1,NV,0.03368394
626,36 to 45,114.06,7238.28,Regular Job,1,450,1,ID,0.00809308
627,75 and above,1372.84,1001.6,Social Security,0,800,1,NM,0.12778554
628,46 to 55,546.89,4355.23,Regular Job,0,400,1,OK,0.01954661
629,36 to 45,1.18,795,Social Security,0,450,2,OK,0.12150943
630,46 to 55,732.58,5880,Regular Job,0,500,2,NM,0.00889966
631,46 to 55,620.99,7130.32,Regular Job,1,400,3,NM,0.00660419
632,46 to 55,786.35,3054.72,Regular Job,0,1000,1,OK,0.06562631
633,56 to 65,19.25,1964.8,Regular Job,0,1000,2,NM,0.03949511
634,36 to 45,726.48,5054.48,Regular Job,0,2000,1,NM,0.02466327
635,36 to 45,442.08,4063,Regular Job,0,900,2,NM,0.02550825
636,46 to 55,1097.62,4400,Regular Job,0,900,2,OK,0.04100455
637,75 and above,1692.96,1377,Social Security,1,125,3,MS,0.10893246
638,46 to 55,221.06,2137.34,Regular Job,0,1000,1,OK,0.09289584
639,75 and above,197.95,1096.96,Retired / Pension,0,750,1,NM,0.10857278
640,66 to 75,607.7,2062,Self Employed,0,700,2,NM,0.05333657
641,46 to 55,15.91,996,Social Security,0,900,1,OK,0.17941767
642,36 to 45,195.17,2912.68,Regular Job,0,400,1,NV,0.01266874
643,75 and above,134.07,1249.9,Social Security,0,1000,1,NV,0.1537803
644,26 to 35,935,2983.72,Regular Job,0,200,1,MS,0.0804365
645,36 to 45,2792.71,4485.84,Regular Job,0,800,1,NM,0.01313021
646,66 to 75,0.68,1619,Social Security,0,300,2,AL,0.21772699
647,36 to 45,1282.3,5641.52,Regular Job,0,400,2,OK,0.01685361
648,56 to 65,3.45,1121,Social Security,0,750,1,NM,0.10635147
649,36 to 45,351.39,3697.91,Regular Job,0,950,2,ID,0.05451999
650,75 and above,8.42,772,Social Security,0,600,2,NM,0.14775907
651,66 to 75,2836.69,1730,Social Security,0,500,1,OK,0.0579422
652,66 to 75,323.78,4053.34,Retired / Pension,0,800,2,NM,0.03231656
653,26 to 35,309.07,9450,Regular Job,0,200,2,AL,0.02486772
654,36 to 45,80.66,3757.88,Self Employed,0,1500,1,NM,0.03100152
655,66 to 75,741.03,3279.66,Retired / Pension,0,1200,2,NM,0.0649549
656,46 to 55,126.56,2300.64,Regular Job,1,750,2,NM,0.02531904
657,46 to 55,47.53,4877.08,Self Employed,1,300,1,ID,0.00800889
658,36 to 45,2.06,2107,Regular Job,0,400,2,OK,0.21625534
659,46 to 55,64.25,473.74,Regular Job,0,1000,2,NM,0.34740575
660,36 to 45,10.26,2288.12,Regular Job,0,1100,2,OK,0.06538119
661,36 to 45,4.36,6533.48,Regular Job,1,500,2,AL,0.08992145
662,46 to 55,3.65,1439.4,Regular Job,0,600,2,ID,0.04599139
663,75 and above,47116.33,779,Social Security,0,300,2,NM,0.10323492
664,46 to 55,56.05,2780.52,Regular Job,1,700,1,NM,0.04278696
665,36 to 45,88.78,7640.56,Self Employed,0,1000,1,NV,0.0115947
666,75 and above,5018.67,2779.89,Retired / Pension,0,1500,1,NM,0.07669008
667,46 to 55,140.46,3428.28,Regular Job,0,600,2,OK,0.03756986
668,56 to 65,644.55,3633.04,Regular Job,1,800,2,NM,0.02095215
669,56 to 65,194.63,5520.88,Regular Job,0,1000,1,NV,0.01604635
670,36 to 45,519,2597.25,Regular Job,1,500,2,OK,0.21778805
671,46 to 55,709.14,5243.76,Regular Job,0,250,1,NM,0.00536066
672,56 to 65,0.25,711,Social Security,1,300,2,LA,0.49929677
673,46 to 55,92.92,2499.92,Regular Job,0,300,1,LA,0.14200454
674,66 to 75,25.39,1199,Social Security,0,750,1,NV,0.13054212
675,46 to 55,61.73,783,Social Security,0,600,2,OK,0.1536143
676,56 to 65,103.34,9768.92,Regular Job,0,750,2,NV,0.01599665
677,66 to 75,56.29,1114,Social Security,0,300,3,NM,0.04409336
678,46 to 55,166.84,7733.36,Regular Job,0,1250,2,NV,0.01447624
679,75 and above,277.65,2746,Social Security,0,300,1,OK,0.0398252
680,66 to 75,1069.04,5888,Regular Job,0,1000,2,ID,0.01682914
681,36 to 45,26.25,2243.84,Regular Job,0,350,2,DE,0.0209596
682,26 to 35,297.76,4813.76,Regular Job,0,300,1,OK,0.01725678
683,36 to 45,1610.22,4832.96,Regular Job,0,500,1,NM,0.01242924
684,75 and above,66.71,1319,Social Security,0,400,2,OK,0.06454132
685,46 to 55,1843.54,5899.6,Regular Job,0,400,2,NM,0.00809207
686,36 to 45,178.47,4068,Self Employed,0,1000,2,ID,0.02195919
687,66 to 75,16.22,648,Social Security,0,300,2,NM,0.1296142
688,56 to 65,5.44,958,Social Security,0,300,2,NM,0.0640501
689,36 to 45,905.26,6299.96,Self Employed,0,1000,3,NV,0.01425565
690,46 to 55,3.21,794,Social Security,0,1500,2,NM,0.24395466
691,36 to 45,6.02,1175,Social Security,0,600,2,OK,0.10138723
692,26 to 35,331.82,6240,Regular Job,0,300,2,LA,0.05689103
693,46 to 55,1.7,1298,Social Security,0,200,2,NM,0.02421418
694,66 to 75,434.38,957,Social Security,0,500,2,NM,0.1285162
695,46 to 55,1070.06,5397.8,Regular Job,0,900,2,NM,0.0130405
696,46 to 55,574.55,4883.92,Self Employed,0,300,2,NM,0.00830685
697,56 to 65,105.41,7667.56,Regular Job,0,1250,2,NV,0.01500477
698,36 to 45,258.04,3443.64,Regular Job,0,200,2,NM,0.00775342
699,66 to 75,365.04,6490.76,Self Employed,0,750,1,NV,0.01146399
700,66 to 75,92.86,1708,Retired / Pension,0,1500,1,OK,0.11487119
701,56 to 65,11.46,9160,Regular Job,0,800,1,NV,0.01096616
702,46 to 55,7.9,1600,Regular Job,0,300,1,LA,0.221875
703,36 to 45,1212.23,4755.72,Self Employed,0,600,2,NM,0.00984078
704,26 to 35,0.61,3061.76,Regular Job,0,750,2,NM,0.01902501
705,56 to 65,1975.27,1205,Social Security,1,500,2,OK,0.4693444
706,26 to 35,578.01,8414.44,Regular Job,0,1100,2,NM,0.02150945
707,46 to 55,1.21,3432.04,Regular Job,0,500,1,NM,0.01521835
708,66 to 75,449.67,5020.6,Self Employed,0,400,2,NM,0.00935546
709,36 to 45,0.76,714,Social Security,0,300,2,OK,0.11634454
710,66 to 75,42.12,1136,Social Security,1,1000,2,NM,0.14487676
711,46 to 55,1843.54,5899.6,Regular Job,0,400,2,NM,0.01665537
712,66 to 75,578.66,938,Social Security,0,1000,2,NM,0.17569296
713,56 to 65,432.76,1388,Social Security,1,450,2,ID,0.07242795
714,36 to 45,149,1894,Regular Job,0,600,2,NM,0.03719641
715,26 to 35,0.12,1130.79,Self Employed,0,300,2,ID,0.05160109
716,36 to 45,147.76,4112.8,Self Employed,0,970.29,1,ID,0.02193396
717,46 to 55,918.49,7619.01,Regular Job,1,1500,1,NM,0.03240316
718,36 to 45,2805.93,9450,Regular Job,0,100,2,AL,0.01243386
719,66 to 75,1597.82,4352,Regular Job,0,1400,2,NM,0.02603401
720,46 to 55,387.36,7282.04,Regular Job,0,800,1,OK,0.02181257
721,36 to 45,1428.46,7388,Self Employed,1,400,2,NM,0.0063752
722,56 to 65,427.33,6000,Regular Job,0,200,1,MS,0.04
723,66 to 75,1498.31,2161.88,Regular Job,1,1000,2,NV,0.04097822
724,56 to 65,822.07,3444,Regular Job,0,950,2,ID,0.0256475
725,75 and above,4.51,1338,Social Security,0,500,1,NV,0.0972571
726,26 to 35,84.71,5836.12,Regular Job,0,750,2,NM,0.01503225
727,46 to 55,1.89,1544,Retired / Pension,0,750,1,NM,0.07852979
728,56 to 65,103.34,9768.92,Regular Job,0,750,2,NV,0.01599358
729,26 to 35,83.7,3723.56,Regular Job,0,500,2,OK,0.15191107
730,75 and above,789.18,794,Social Security,0,500,2,NM,0.15517632
731,66 to 75,2151.12,4963.14,Retired / Pension,0,300,2,NM,0.01694693
732,56 to 65,230,1135,Social Security,0,450,2,ID,0.10864317
733,16 to 25,564.02,8226.16,Regular Job,0,600,2,NM,0.00623742
734,56 to 65,217.09,808,Social Security,0,200,2,NM,0.08201733
735,56 to 65,31.5,3040.56,Regular Job,0,1000,2,NV,0.06331071
736,26 to 35,49.77,7606.32,Regular Job,0,600,2,NV,0.00802491
737,36 to 45,1050.78,3263.04,Regular Job,0,1100,2,NM,0.02520656
738,66 to 75,3561.22,3399.86,Retired / Pension,0,500,2,NM,0.03742507
739,56 to 65,60.46,3693.08,Regular Job,0,1000,3,NM,0.0207767
740,66 to 75,3309.93,3264.7,Retired / Pension,0,1500,1,NM,0.07562104
741,56 to 65,9.79,1152.38,Regular Job,0,500,1,OK,0.49085371
742,46 to 55,49.57,4540,Regular Job,0,300,3,OK,0.01841189
743,36 to 45,1.62,5427.56,Regular Job,0,550,2,OK,0.02031484
744,56 to 65,203,1854,Social Security,0,1400,2,OK,0.10053937
745,56 to 65,1514.39,2000,Social Security,1,1300,2,NV,0.08462
746,46 to 55,171.76,6989.76,Regular Job,0,2200,1,NM,0.02299078
747,56 to 65,296.09,5907.2,Regular Job,0,2000,2,NV,0.02685367
748,56 to 65,1376.24,3577.8,Self Employed,0,699.2,1,NM,0.015135
749,46 to 55,11.66,5218.92,Regular Job,0,700,2,NM,0.01136059
750,66 to 75,33.77,597,Social Security,1,2000,3,NM,0.44834171
751,26 to 35,153.25,6626.24,Regular Job,0,600,2,OK,0.02507304
752,66 to 75,34.35,1002.5,Social Security,0,400,2,NM,0.0921995
753,66 to 75,946.52,597,Social Security,0,2000,2,NM,0.44834171
754,56 to 65,751.63,8184.32,Regular Job,0,600,1,NV,0.00949499
755,66 to 75,0.66,942.46,Retired / Pension,0,200,1,NM,0.07041148
756,36 to 45,905.26,6299.96,Self Employed,0,1000,3,NV,0.01459692
757,36 to 45,178.47,4068,Self Employed,0,400,2,ID,0.01243854
758,56 to 65,98.9,5933,Regular Job,0,1000,1,NM,0.02773976
759,26 to 35,5.37,2518.32,Regular Job,1,500,2,OK,0.22461403
760,46 to 55,209.97,5760,Regular Job,0,800,1,OK,0.02784375
761,75 and above,244.61,1766.91,Retired / Pension,0,600,1,NM,0.04376001
762,46 to 55,761.24,5901.36,Regular Job,0,1500,2,NV,0.02015976
763,26 to 35,357.49,3331.2,Regular Job,0,300,2,NV,0.01146734
764,56 to 65,61.69,3396.48,Regular Job,0,300,1,OK,0.10174063
765,46 to 55,40.58,928,Social Security,0,300,2,NM,0.08109914
766,56 to 65,243.73,1227,Social Security,1,2200,2,NM,0.23320293
767,75 and above,323.93,1231.08,Retired / Pension,1,400,1,NV,0.11260032
768,75 and above,134.07,1249.9,Social Security,0,1000,1,NV,0.1537803
769,56 to 65,56.25,3400,Regular Job,0,950,2,DE,0.02351765
770,56 to 65,60.46,3693.08,Regular Job,0,1000,3,NM,0.0207767
771,56 to 65,305.82,4514.28,Regular Job,0,750,1,OK,0.03330542
772,46 to 55,0.99,6597.57,Regular Job,1,700,2,NM,0.00862439
773,75 and above,42.7,1169.81,Retired / Pension,0,800,1,OK,0.30950325
774,66 to 75,990.44,708,Social Security,0,300,2,NM,0.11358757
775,26 to 35,191.39,3967.36,Regular Job,0,200,1,NM,0.01239111
776,56 to 65,41.5,8374.59,Regular Job,0,2100,1,NM,0.00913358
777,75 and above,500,794,Social Security,0,200,2,NM,0.04270781
778,66 to 75,752.13,785,Social Security,0,400,1,OK,0.10844586
779,26 to 35,0.06,2183.96,Regular Job,1,75,2,MS,0.04120955
780,66 to 75,231.58,2027.16,Social Security,0,1050,2,NM,0.0828943
781,66 to 75,33.8,1505.64,Retired / Pension,0,2000,2,NM,0.17181398
782,46 to 55,415.89,5842.6,Regular Job,0,500,1,OK,0.09679937
783,56 to 65,18,7171.12,Regular Job,1,300,1,OK,0.04820028
784,46 to 55,1245.6,400,Social Security,1,500,1,OK,1.4139
785,66 to 75,607.7,2062,Self Employed,0,700,2,NM,0.05302619
786,56 to 65,596.66,794,Social Security,0,400,2,NM,0.12365239
787,46 to 55,219.72,3268,Regular Job,0,400,2,OK,0.04441248
788,66 to 75,40.69,2228.3,Social Security,0,1500,1,NV,0.12528834
789,66 to 75,2686.05,1340.14,Retired / Pension,0,500,1,OK,0.42201561
790,36 to 45,25,586.88,Regular Job,0,500,2,NM,0.20900354
791,66 to 75,2.24,1163,Social Security,1,250,2,SC,0.24754944
792,26 to 35,1190.9,7388,Self Employed,0,400,2,NV,0.00597455
793,36 to 45,4069.32,3758.48,Regular Job,1,300,1,SC,0.09189885
794,36 to 45,17.86,2530.72,Regular Job,1,600,2,NM,0.02773124
795,46 to 55,546.89,4355.23,Regular Job,0,400,1,OK,0.01954661
796,66 to 75,680.33,1674.83,Social Security,0,400,1,NM,0.05866864
797,66 to 75,1760,1190,Social Security,0,250,2,LA,0.25630252
798,36 to 45,4124.66,4800,Regular Job,0,1200,1,OK,0.05011667
799,75 and above,296.49,1132,Social Security,0,750,1,NM,0.11923145
800,16 to 25,2.49,9870,Regular Job,1,350,2,AL,0.04166667
801,56 to 65,13.71,2539.88,Regular Job,0,800,2,OK,0.04806526
802,36 to 45,213.61,4075.52,Regular Job,0,300,2,NM,0.00527049
803,26 to 35,187.5,7771.92,Regular Job,0,300,1,ID,0.00502579
804,26 to 35,102.36,2576,Regular Job,1,67.55,2,NM,0.00437112
805,56 to 65,7.69,916,Social Security,0,350,2,NM,0.06208515
806,66 to 75,851.83,1501.3,Social Security,0,1100,2,NM,0.12012922
807,66 to 75,1558.24,5028.66,Regular Job,0,1000,2,NM,0.01388839
808,46 to 55,517.68,3957.04,Regular Job,0,800,1,NM,0.01506176
809,56 to 65,650.23,3116.16,Self Employed,0,600,2,NM,0.02260795
810,36 to 45,1.25,771,Social Security,0,300,1,ID,0.09970169
811,56 to 65,56.25,3400,Regular Job,0,800,2,DE,0.02153235
812,56 to 65,127.63,3500,Regular Job,0,500,2,OK,0.16158857
813,36 to 45,415.82,1015.88,Regular Job,0,200,2,NM,0.04836201
814,46 to 55,1.21,3432.04,Regular Job,0,600,1,NM,0.01669852
815,26 to 35,35.08,1320,Self Employed,0,300,2,NM,0.01693182
816,36 to 45,862.07,4743.08,Regular Job,1,500,2,MI,0.11924952
817,36 to 45,147.76,4112.8,Self Employed,0,2100,1,ID,0.0408724
818,16 to 25,254.57,2147,Regular Job,0,150,1,AL,0.08209129
819,66 to 75,45.8,1520,Social Security,0,300,2,TX,0.03201974
820,66 to 75,752.72,7487.92,Regular Job,1,500,2,OK,0.07554167
821,66 to 75,1002.31,7272,Social Security,0,1500,1,DE,0.01500963
822,16 to 25,127.67,4960,Regular Job,0,450,2,OK,0.01930847
823,36 to 45,247.87,4816,Regular Job,0,250,2,MI,0.05940822
824,46 to 55,706.65,3900.88,Regular Job,0,600,2,MI,0.17345061
825,26 to 35,248.4,3038,Regular Job,0,200,1,NM,0.00901251
826,46 to 55,89.05,4150.04,Regular Job,1,575,2,MI,0.15632138
827,36 to 45,28.24,794,Social Security,0,500,2,NM,0.13983627
828,75 and above,47116.33,779,Social Security,0,300,2,NM,0.10323492
829,46 to 55,3724.89,8760.56,Regular Job,1,1200,2,NM,0.01000507
830,46 to 55,71.09,3070.68,Regular Job,0,900,2,NM,0.0264925
831,75 and above,47116.33,779,Social Security,0,300,2,NM,0.10323492
832,26 to 35,0.45,2470.32,Regular Job,0,500,2,OK,0.09160352
833,56 to 65,471.59,9175.36,Regular Job,0,600,1,OK,0.01821945
834,75 and above,78,1578,Social Security,0,400,1,NM,0.05857414
835,46 to 55,1.19,4854.68,Regular Job,1,600,1,ID,0.01120774
836,26 to 35,4.05,3288,Regular Job,0,300,2,OK,0.02542275
837,66 to 75,2.38,959,Social Security,0,300,2,ID,0.08249218
838,56 to 65,1.68,1465,Social Security,0,500,2,OK,0.38610922
839,46 to 55,95.95,3800,Regular Job,0,1500,1,OK,0.05163158
840,66 to 75,990.44,708,Social Security,0,300,2,NM,0.11358757
841,56 to 65,168.96,3311.78,Regular Job,0,700,1,OK,0.04536533
842,26 to 35,349.72,9443.7,Regular Job,0,500,1,NV,0.00550208
843,66 to 75,3.96,3362.5,Social Security,0,500,1,NV,0.03884312
844,36 to 45,213.61,4075.52,Regular Job,0,300,2,NM,0.00527049
845,75 and above,195.14,803,Social Security,0,500,2,OK,0.13358655
846,56 to 65,31.5,3040.56,Regular Job,0,1700,2,NV,0.04914555
847,56 to 65,5.44,958,Social Security,0,1300,2,NM,0.20895616
848,66 to 75,2.57,941,Regular Job,1,500,2,OK,0.60102019
849,46 to 55,7.9,1600,Regular Job,0,300,1,LA,0.221875
850,66 to 75,1754.2,1225.34,Retired / Pension,0,1000,1,NM,0.1155108
851,16 to 25,9.76,4000,Regular Job,1,600,2,NM,0.0134
852,26 to 35,100,2942.52,Self Employed,0,650,2,NM,0.02593695
853,36 to 45,560.74,1719.64,Regular Job,0,1100,2,NM,0.0471087
854,36 to 45,736.23,3143.04,Regular Job,0,2000,1,NM,0.07245215
855,66 to 75,16.96,698,Social Security,0,1000,2,NM,0.23578797
856,36 to 45,305.92,4350.76,Self Employed,0,1500,1,ID,0.03252995
857,46 to 55,8.67,2753.16,Regular Job,0,500,2,NM,0.04248573
858,66 to 75,863.39,2339,Social Security,1,600,2,MI,0.28922189
859,66 to 75,6.51,618.66,Regular Job,0,500,1,NM,0.19883296
860,66 to 75,268.78,1397,Social Security,0,1000,2,NV,0.13779528
861,75 and above,62.57,2023.35,Retired / Pension,0,1100,2,NM,0.08162206
862,46 to 55,608.33,3947.52,Regular Job,0,1500,1,OK,0.04970209
863,36 to 45,826.22,7760.4,Self Employed,0,1500,1,NV,0.01731998
864,66 to 75,5.41,1026,Social Security,0,750,2,NM,0.1317154
865,36 to 45,5,4649.2,Regular Job,0,400,2,OK,0.0219285
866,36 to 45,147.76,4112.8,Self Employed,0,1600,1,ID,0.03046343
867,66 to 75,18.18,1066.5,Social Security,0,750,1,OK,0.14097515
868,56 to 65,5.42,1022,Social Security,1,125,2,MS,0.14677104
869,36 to 45,195.5,3600,Self Employed,0,2000,2,NM,0.03466111
870,36 to 45,1182.96,5121.6,Regular Job,0,700,1,NM,0.01120939
871,16 to 25,262.99,2440.72,Regular Job,0,400,2,OK,0.03518224
872,56 to 65,122.09,7789,Regular Job,0,500,1,ID,0.00857363
873,46 to 55,368.57,6060.56,Regular Job,0,800,3,NV,0.01718323
874,56 to 65,1163.45,5190.6,Regular Job,0,1000,1,OK,0.03862174
875,46 to 55,608.33,3947.52,Regular Job,0,900,1,OK,0.04526893
876,36 to 45,1255.53,7161.6,Regular Job,0,1500,1,OK,0.04158708
877,56 to 65,490.73,7361.44,Regular Job,0,1000,1,NV,0.01028331
878,26 to 35,4.45,3072.68,Regular Job,0,900,2,OK,0.05871747
879,36 to 45,134.3,8232.8,Self Employed,0,500,1,NM,0.0049157
880,36 to 45,581.15,3948,Regular Job,0,1200,1,OK,0.06034954
881,75 and above,124.96,796.45,Social Security,0,1000,2,NM,0.20664197
882,75 and above,211.54,525.6,Social Security,0,1000,1,NM,0.2706621
883,36 to 45,186.08,4575.4,Regular Job,0,500,2,NM,0.02692005
884,46 to 55,1197.04,4147.24,Regular Job,0,1000,2,NM,0.02280794
885,26 to 35,190.8,3857.4,Regular Job,0,600,2,NM,0.01748846
886,56 to 65,12.24,783,Social Security,0,400,2,NM,0.08427842
887,66 to 75,2.64,794,Social Security,0,200,2,NM,0.08149874
888,16 to 25,140.19,6972.42,Regular Job,0,200,2,NM,0.0069904
889,26 to 35,172.75,7995.24,Regular Job,0,1068.11,2,NM,0.00998969
890,36 to 45,628.93,7860.8,Regular Job,0,900,2,NM,0.00832994
891,36 to 45,146.43,8940.88,Regular Job,0,1800,1,NM,0.01562598
892,75 and above,427.15,3146,Social Security,0,500,1,OK,0.04428163
893,75 and above,625.87,1452.3,Social Security,0,1000,1,NV,0.13508228
894,56 to 65,5542.67,1483.69,Regular Job,0,700,1,NV,0.08614333
895,66 to 75,1594.01,1596,Retired / Pension,1,250,2,LA,0.19110276
896,66 to 75,133.54,1425,Social Security,0,2000,2,NM,0.15967018
897,46 to 55,614.11,5930.24,Self Employed,0,1000,1,NV,0.01493869
898,26 to 35,4.25,3736.72,Regular Job,0,500,1,OK,0.02682567
899,56 to 65,830.71,2921.52,Regular Job,1,600,2,NM,0.02411416
900,66 to 75,148.49,850,Social Security,0,300,2,OK,0.08327059
901,56 to 65,243.73,1227,Social Security,0,2200,2,NM,0.23480033
